Workbook

Sheet 2027 밸류에이션
A2: 반도체·전자부품 90종목 2027년 밸류에이션
A3: 주가: 2026-10-15 KRX 정규장 종가(KST). 금액: 억원, 주가: 원, 배수: 배.
A4: 기존표 27E 추정치 유지 (기존 83종목 10/10, 추가 7종목 10/14). 26E 추정치는 FnGuide 10/14 컨센서스. YoY = 기존표 27E ÷ FnGuide 26E - 1.
A5: PER = 보통주 시가총액 / 27E 순이익. POR = 보통주 시가총액 / 27E 영업이익. 시총 = 10/15 종가 × 상장주식 수.
A6: † 원표의 연결순이익·지배순이익 차이 5% 초과 표시 유지. 기존 순이익의 회계기준은 원표 기준으로 통일하지 않음.
A7: 마이크로컨텍솔·테크윙·제우스: 2027년 컨센서스 공란으로 PER·POR 미산출. 임의 추정 미적용.
A8: 시가총액 방식은 EPS 방식과 다를 수 있음. YoY의 26E/27E 출처 기준이 다르며, 27E 교차점검 차이는 원자료 X열. 26E 적자·0은 백분율 대신 흑자전환·적자지속 등으로 표기. | J8: 10/14 기준
A9: 순위 | B9: 종목 | C9: 코드 | D9: 10/15 종가 | E9: 시가총액 | F9: 26E 순이익 | G9: 27E 순이익 | H9: 27E 순이익 YoY | I9: 26E 영업이익 | J9: 27E 영업이익 | K9: 27E 영업이익 YoY | L9: 27E PER | M9: 27E POR | N9: 27E ROE | O9: 원표 PER | P9: 원표 POR | Q9: 구분 / 순이익 기준
A10: 55 | B10: 세미파이브 | C10: 490470 | D10: =원자료!I67 | E10: =D10*원자료!J67/100000000 | F10: =IF(원자료!T67="","미확인",원자료!T67) | G10: =IF(원자료!D67="","미확인",원자료!D67) | H10: =IF(AND(ISNUMBER(F10),ISNUMBER(G10)),IF(F10=0,IF(G10>0,"흑자전환",IF(G10=0,"손익분기","미확인")),IF(F10<0,IF(G10>0,"흑자전환",IF(G10=0,"손익분기","적자지속")),IF(G10<0,"적자전환",IF(G10=0,-1,G10/F10-1)))),"미확인") | I10: =IF(원자료!U67="","미확인",원자료!U67) | J10: =IF(원자료!E67="","미확인",원자료!E67) | K10: =IF(AND(ISNUMBER(I10),ISNUMBER(J10)),IF(I10=0,IF(J10>0,"흑자전환",IF(J10=0,"손익분기","미확인")),IF(I10<0,IF(J10>0,"흑자전환",IF(J10=0,"손익분기","적자지속")),IF(J10<0,"적자전환",IF(J10=0,-1,J10/I10-1)))),"미확인") | L10: =IF(ISNUMBER(G10),IF(G10>0,E10/G10,"적자"),"미산출") | M10: =IF(ISNUMBER(J10),IF(J10>0,E10/J10,"적자"),"미산출") | N10: =IF(원자료!O67="","미확인",원자료!O67) | O10: 20.4 | P10: 19.2 | Q10: 기존 / 원표 기준
A11: 76 | B11: SFA반도체 | C11: 036540 | D11: =원자료!I83 | E11: =D11*원자료!J83/100000000 | F11: =IF(원자료!T83="","미확인",원자료!T83) | G11: =IF(원자료!D83="","미확인",원자료!D83) | H11: =IF(AND(ISNUMBER(F11),ISNUMBER(G11)),IF(F11=0,IF(G11>0,"흑자전환",IF(G11=0,"손익분기","미확인")),IF(F11<0,IF(G11>0,"흑자전환",IF(G11=0,"손익분기","적자지속")),IF(G11<0,"적자전환",IF(G11=0,-1,G11/F11-1)))),"미확인") | I11: =IF(원자료!U83="","미확인",원자료!U83) | J11: =IF(원자료!E83="","미확인",원자료!E83) | K11: =IF(AND(ISNUMBER(I11),ISNUMBER(J11)),IF(I11=0,IF(J11>0,"흑자전환",IF(J11=0,"손익분기","미확인")),IF(I11<0,IF(J11>0,"흑자전환",IF(J11=0,"손익분기","적자지속")),IF(J11<0,"적자전환",IF(J11=0,-1,J11/I11-1)))),"미확인") | L11: =IF(ISNUMBER(G11),IF(G11>0,E11/G11,"적자"),"미산출") | M11: =IF(ISNUMBER(J11),IF(J11>0,E11/J11,"적자"),"미산출") | N11: =IF(원자료!O83="","미확인",원자료!O83) | O11: 28.2 | P11: 22.4 | Q11: 기존 / 원표 기준
A12: 86 | B12: 한미반도체 | C12: 042700 | D12: =원자료!I91 | E12: =D12*원자료!J91/100000000 | F12: =IF(원자료!T91="","미확인",원자료!T91) | G12: =IF(원자료!D91="","미확인",원자료!D91) | H12: =IF(AND(ISNUMBER(F12),ISNUMBER(G12)),IF(F12=0,IF(G12>0,"흑자전환",IF(G12=0,"손익분기","미확인")),IF(F12<0,IF(G12>0,"흑자전환",IF(G12=0,"손익분기","적자지속")),IF(G12<0,"적자전환",IF(G12=0,-1,G12/F12-1)))),"미확인") | I12: =IF(원자료!U91="","미확인",원자료!U91) | J12: =IF(원자료!E91="","미확인",원자료!E91) | K12: =IF(AND(ISNUMBER(I12),ISNUMBER(J12)),IF(I12=0,IF(J12>0,"흑자전환",IF(J12=0,"손익분기","미확인")),IF(I12<0,IF(J12>0,"흑자전환",IF(J12=0,"손익분기","적자지속")),IF(J12<0,"적자전환",IF(J12=0,-1,J12/I12-1)))),"미확인") | L12: =IF(ISNUMBER(G12),IF(G12>0,E12/G12,"적자"),"미산출") | M12: =IF(ISNUMBER(J12),IF(J12>0,E12/J12,"적자"),"미산출") | N12: =IF(원자료!O91="","미확인",원자료!O91) | O12: 46.2 | P12: 42.2 | Q12: 기존 / 원표 기준
A13: 88 | B13: 마이크로컨텍솔 | C13: 098120 | D13: =원자료!I93 | E13: =D13*원자료!J93/100000000 | F13: =IF(원자료!T93="","미확인",원자료!T93) | G13: =IF(원자료!D93="","미확인",원자료!D93) | H13: =IF(AND(ISNUMBER(F13),ISNUMBER(G13)),IF(F13=0,IF(G13>0,"흑자전환",IF(G13=0,"손익분기","미확인")),IF(F13<0,IF(G13>0,"흑자전환",IF(G13=0,"손익분기","적자지속")),IF(G13<0,"적자전환",IF(G13=0,-1,G13/F13-1)))),"미확인") | I13: =IF(원자료!U93="","미확인",원자료!U93) | J13: =IF(원자료!E93="","미확인",원자료!E93) | K13: =IF(AND(ISNUMBER(I13),ISNUMBER(J13)),IF(I13=0,IF(J13>0,"흑자전환",IF(J13=0,"손익분기","미확인")),IF(I13<0,IF(J13>0,"흑자전환",IF(J13=0,"손익분기","적자지속")),IF(J13<0,"적자전환",IF(J13=0,-1,J13/I13-1)))),"미확인") | L13: =IF(ISNUMBER(G13),IF(G13>0,E13/G13,"적자"),"미산출") | M13: =IF(ISNUMBER(J13),IF(J13>0,E13/J13,"적자"),"미산출") | N13: =IF(원자료!O93="","미확인",원자료!O93) | Q13: 추가 / 컨센서스 없음
A14: 89 | B14: 테크윙 | C14: 089030 | D14: =원자료!I98 | E14: =D14*원자료!J98/100000000 | F14: =IF(원자료!T98="","미확인",원자료!T98) | G14: =IF(원자료!D98="","미확인",원자료!D98) | H14: =IF(AND(ISNUMBER(F14),ISNUMBER(G14)),IF(F14=0,IF(G14>0,"흑자전환",IF(G14=0,"손익분기","미확인")),IF(F14<0,IF(G14>0,"흑자전환",IF(G14=0,"손익분기","적자지속")),IF(G14<0,"적자전환",IF(G14=0,-1,G14/F14-1)))),"미확인") | I14: =IF(원자료!U98="","미확인",원자료!U98) | J14: =IF(원자료!E98="","미확인",원자료!E98) | K14: =IF(AND(ISNUMBER(I14),ISNUMBER(J14)),IF(I14=0,IF(J14>0,"흑자전환",IF(J14=0,"손익분기","미확인")),IF(I14<0,IF(J14>0,"흑자전환",IF(J14=0,"손익분기","적자지속")),IF(J14<0,"적자전환",IF(J14=0,-1,J14/I14-1)))),"미확인") | L14: =IF(ISNUMBER(G14),IF(G14>0,E14/G14,"적자"),"미산출") | M14: =IF(ISNUMBER(J14),IF(J14>0,E14/J14,"적자"),"미산출") | N14: =IF(원자료!O98="","미확인",원자료!O98) | Q14: 추가 / 컨센서스 없음
A15: 90 | B15: 제우스 | C15: 079370 | D15: =원자료!I99 | E15: =D15*원자료!J99/100000000 | F15: =IF(원자료!T99="","미확인",원자료!T99) | G15: =IF(원자료!D99="","미확인",원자료!D99) | H15: =IF(AND(ISNUMBER(F15),ISNUMBER(G15)),IF(F15=0,IF(G15>0,"흑자전환",IF(G15=0,"손익분기","미확인")),IF(F15<0,IF(G15>0,"흑자전환",IF(G15=0,"손익분기","적자지속")),IF(G15<0,"적자전환",IF(G15=0,-1,G15/F15-1)))),"미확인") | I15: =IF(원자료!U99="","미확인",원자료!U99) | J15: =IF(원자료!E99="","미확인",원자료!E99) | K15: =IF(AND(ISNUMBER(I15),ISNUMBER(J15)),IF(I15=0,IF(J15>0,"흑자전환",IF(J15=0,"손익분기","미확인")),IF(I15<0,IF(J15>0,"흑자전환",IF(J15=0,"손익분기","적자지속")),IF(J15<0,"적자전환",IF(J15=0,-1,J15/I15-1)))),"미확인") | L15: =IF(ISNUMBER(G15),IF(G15>0,E15/G15,"적자"),"미산출") | M15: =IF(ISNUMBER(J15),IF(J15>0,E15/J15,"적자"),"미산출") | N15: =IF(원자료!O99="","미확인",원자료!O99) | Q15: 추가 / 컨센서스 없음
A16: 62 | B16: 사피엔반도체 | C16: 452430 | D16: =원자료!I65 | E16: =D16*원자료!J65/100000000 | F16: =IF(원자료!T65="","미확인",원자료!T65) | G16: =IF(원자료!D65="","미확인",원자료!D65) | H16: =IF(AND(ISNUMBER(F16),ISNUMBER(G16)),IF(F16=0,IF(G16>0,"흑자전환",IF(G16=0,"손익분기","미확인")),IF(F16<0,IF(G16>0,"흑자전환",IF(G16=0,"손익분기","적자지속")),IF(G16<0,"적자전환",IF(G16=0,-1,G16/F16-1)))),"미확인") | I16: =IF(원자료!U65="","미확인",원자료!U65) | J16: =IF(원자료!E65="","미확인",원자료!E65) | K16: =IF(AND(ISNUMBER(I16),ISNUMBER(J16)),IF(I16=0,IF(J16>0,"흑자전환",IF(J16=0,"손익분기","미확인")),IF(I16<0,IF(J16>0,"흑자전환",IF(J16=0,"손익분기","적자지속")),IF(J16<0,"적자전환",IF(J16=0,-1,J16/I16-1)))),"미확인") | L16: =IF(ISNUMBER(G16),IF(G16>0,E16/G16,"적자"),"미산출") | M16: =IF(ISNUMBER(J16),IF(J16>0,E16/J16,"적자"),"미산출") | N16: =IF(원자료!O65="","미확인",원자료!O65) | O16: 20.1 | P16: 20.1 | Q16: 기존 / 원표 기준
A17: 53 | B17: 인텍플러스 | C17: 064290 | D17: =원자료!I56 | E17: =D17*원자료!J56/100000000 | F17: =IF(원자료!T56="","미확인",원자료!T56) | G17: =IF(원자료!D56="","미확인",원자료!D56) | H17: =IF(AND(ISNUMBER(F17),ISNUMBER(G17)),IF(F17=0,IF(G17>0,"흑자전환",IF(G17=0,"손익분기","미확인")),IF(F17<0,IF(G17>0,"흑자전환",IF(G17=0,"손익분기","적자지속")),IF(G17<0,"적자전환",IF(G17=0,-1,G17/F17-1)))),"미확인") | I17: =IF(원자료!U56="","미확인",원자료!U56) | J17: =IF(원자료!E56="","미확인",원자료!E56) | K17: =IF(AND(ISNUMBER(I17),ISNUMBER(J17)),IF(I17=0,IF(J17>0,"흑자전환",IF(J17=0,"손익분기","미확인")),IF(I17<0,IF(J17>0,"흑자전환",IF(J17=0,"손익분기","적자지속")),IF(J17<0,"적자전환",IF(J17=0,-1,J17/I17-1)))),"미확인") | L17: =IF(ISNUMBER(G17),IF(G17>0,E17/G17,"적자"),"미산출") | M17: =IF(ISNUMBER(J17),IF(J17>0,E17/J17,"적자"),"미산출") | N17: =IF(원자료!O56="","미확인",원자료!O56) | O17: 16.5 | P17: 13.7 | Q17: 기존 / 원표 기준
A18: 25 | B18: 피엠티 | C18: 147760 | D18: =원자료!I37 | E18: =D18*원자료!J37/100000000 | F18: =IF(원자료!T37="","미확인",원자료!T37) | G18: =IF(원자료!D37="","미확인",원자료!D37) | H18: =IF(AND(ISNUMBER(F18),ISNUMBER(G18)),IF(F18=0,IF(G18>0,"흑자전환",IF(G18=0,"손익분기","미확인")),IF(F18<0,IF(G18>0,"흑자전환",IF(G18=0,"손익분기","적자지속")),IF(G18<0,"적자전환",IF(G18=0,-1,G18/F18-1)))),"미확인") | I18: =IF(원자료!U37="","미확인",원자료!U37) | J18: =IF(원자료!E37="","미확인",원자료!E37) | K18: =IF(AND(ISNUMBER(I18),ISNUMBER(J18)),IF(I18=0,IF(J18>0,"흑자전환",IF(J18=0,"손익분기","미확인")),IF(I18<0,IF(J18>0,"흑자전환",IF(J18=0,"손익분기","적자지속")),IF(J18<0,"적자전환",IF(J18=0,-1,J18/I18-1)))),"미확인") | L18: =IF(ISNUMBER(G18),IF(G18>0,E18/G18,"적자"),"미산출") | M18: =IF(ISNUMBER(J18),IF(J18>0,E18/J18,"적자"),"미산출") | N18: =IF(원자료!O37="","미확인",원자료!O37) | O18: 12.3 | P18: 11 | Q18: 기존 / 원표 기준
A19: 12 | B19: 텔레칩스 | C19: 054450 | D19: =원자료!I21 | E19: =D19*원자료!J21/100000000 | F19: =IF(원자료!T21="","미확인",원자료!T21) | G19: =IF(원자료!D21="","미확인",원자료!D21) | H19: =IF(AND(ISNUMBER(F19),ISNUMBER(G19)),IF(F19=0,IF(G19>0,"흑자전환",IF(G19=0,"손익분기","미확인")),IF(F19<0,IF(G19>0,"흑자전환",IF(G19=0,"손익분기","적자지속")),IF(G19<0,"적자전환",IF(G19=0,-1,G19/F19-1)))),"미확인") | I19: =IF(원자료!U21="","미확인",원자료!U21) | J19: =IF(원자료!E21="","미확인",원자료!E21) | K19: =IF(AND(ISNUMBER(I19),ISNUMBER(J19)),IF(I19=0,IF(J19>0,"흑자전환",IF(J19=0,"손익분기","미확인")),IF(I19<0,IF(J19>0,"흑자전환",IF(J19=0,"손익분기","적자지속")),IF(J19<0,"적자전환",IF(J19=0,-1,J19/I19-1)))),"미확인") | L19: =IF(ISNUMBER(G19),IF(G19>0,E19/G19,"적자"),"미산출") | M19: =IF(ISNUMBER(J19),IF(J19>0,E19/J19,"적자"),"미산출") | N19: =IF(원자료!O21="","미확인",원자료!O21) | O19: 8.1 | P19: 6.6 | Q19: 기존 / 원표 기준
A20: 37 | B20: 에이디테크놀로지 | C20: 200710 | D20: =원자료!I49 | E20: =D20*원자료!J49/100000000 | F20: =IF(원자료!T49="","미확인",원자료!T49) | G20: =IF(원자료!D49="","미확인",원자료!D49) | H20: =IF(AND(ISNUMBER(F20),ISNUMBER(G20)),IF(F20=0,IF(G20>0,"흑자전환",IF(G20=0,"손익분기","미확인")),IF(F20<0,IF(G20>0,"흑자전환",IF(G20=0,"손익분기","적자지속")),IF(G20<0,"적자전환",IF(G20=0,-1,G20/F20-1)))),"미확인") | I20: =IF(원자료!U49="","미확인",원자료!U49) | J20: =IF(원자료!E49="","미확인",원자료!E49) | K20: =IF(AND(ISNUMBER(I20),ISNUMBER(J20)),IF(I20=0,IF(J20>0,"흑자전환",IF(J20=0,"손익분기","미확인")),IF(I20<0,IF(J20>0,"흑자전환",IF(J20=0,"손익분기","적자지속")),IF(J20<0,"적자전환",IF(J20=0,-1,J20/I20-1)))),"미확인") | L20: =IF(ISNUMBER(G20),IF(G20>0,E20/G20,"적자"),"미산출") | M20: =IF(ISNUMBER(J20),IF(J20>0,E20/J20,"적자"),"미산출") | N20: =IF(원자료!O49="","미확인",원자료!O49) | O20: 14 | P20: 11.4 | Q20: 기존 / 원표 기준
A21: 28 | B21: 에이엘티 | C21: 172670 | D21: =원자료!I34 | E21: =D21*원자료!J34/100000000 | F21: =IF(원자료!T34="","미확인",원자료!T34) | G21: =IF(원자료!D34="","미확인",원자료!D34) | H21: =IF(AND(ISNUMBER(F21),ISNUMBER(G21)),IF(F21=0,IF(G21>0,"흑자전환",IF(G21=0,"손익분기","미확인")),IF(F21<0,IF(G21>0,"흑자전환",IF(G21=0,"손익분기","적자지속")),IF(G21<0,"적자전환",IF(G21=0,-1,G21/F21-1)))),"미확인") | I21: =IF(원자료!U34="","미확인",원자료!U34) | J21: =IF(원자료!E34="","미확인",원자료!E34) | K21: =IF(AND(ISNUMBER(I21),ISNUMBER(J21)),IF(I21=0,IF(J21>0,"흑자전환",IF(J21=0,"손익분기","미확인")),IF(I21<0,IF(J21>0,"흑자전환",IF(J21=0,"손익분기","적자지속")),IF(J21<0,"적자전환",IF(J21=0,-1,J21/I21-1)))),"미확인") | L21: =IF(ISNUMBER(G21),IF(G21>0,E21/G21,"적자"),"미산출") | M21: =IF(ISNUMBER(J21),IF(J21>0,E21/J21,"적자"),"미산출") | N21: =IF(원자료!O34="","미확인",원자료!O34) | O21: 10.9 | P21: 8.8 | Q21: 기존 / 원표 기준
A22: 52 | B22: 파두 | C22: 440110 | D22: =원자료!I62 | E22: =D22*원자료!J62/100000000 | F22: =IF(원자료!T62="","미확인",원자료!T62) | G22: =IF(원자료!D62="","미확인",원자료!D62) | H22: =IF(AND(ISNUMBER(F22),ISNUMBER(G22)),IF(F22=0,IF(G22>0,"흑자전환",IF(G22=0,"손익분기","미확인")),IF(F22<0,IF(G22>0,"흑자전환",IF(G22=0,"손익분기","적자지속")),IF(G22<0,"적자전환",IF(G22=0,-1,G22/F22-1)))),"미확인") | I22: =IF(원자료!U62="","미확인",원자료!U62) | J22: =IF(원자료!E62="","미확인",원자료!E62) | K22: =IF(AND(ISNUMBER(I22),ISNUMBER(J22)),IF(I22=0,IF(J22>0,"흑자전환",IF(J22=0,"손익분기","미확인")),IF(I22<0,IF(J22>0,"흑자전환",IF(J22=0,"손익분기","적자지속")),IF(J22<0,"적자전환",IF(J22=0,-1,J22/I22-1)))),"미확인") | L22: =IF(ISNUMBER(G22),IF(G22>0,E22/G22,"적자"),"미산출") | M22: =IF(ISNUMBER(J22),IF(J22>0,E22/J22,"적자"),"미산출") | N22: =IF(원자료!O62="","미확인",원자료!O62) | O22: 19 | P22: 17 | Q22: 기존 / 원표 기준
A23: 47 | B23: 넥스틴 | C23: 348210 | D23: =원자료!I57 | E23: =D23*원자료!J57/100000000 | F23: =IF(원자료!T57="","미확인",원자료!T57) | G23: =IF(원자료!D57="","미확인",원자료!D57) | H23: =IF(AND(ISNUMBER(F23),ISNUMBER(G23)),IF(F23=0,IF(G23>0,"흑자전환",IF(G23=0,"손익분기","미확인")),IF(F23<0,IF(G23>0,"흑자전환",IF(G23=0,"손익분기","적자지속")),IF(G23<0,"적자전환",IF(G23=0,-1,G23/F23-1)))),"미확인") | I23: =IF(원자료!U57="","미확인",원자료!U57) | J23: =IF(원자료!E57="","미확인",원자료!E57) | K23: =IF(AND(ISNUMBER(I23),ISNUMBER(J23)),IF(I23=0,IF(J23>0,"흑자전환",IF(J23=0,"손익분기","미확인")),IF(I23<0,IF(J23>0,"흑자전환",IF(J23=0,"손익분기","적자지속")),IF(J23<0,"적자전환",IF(J23=0,-1,J23/I23-1)))),"미확인") | L23: =IF(ISNUMBER(G23),IF(G23>0,E23/G23,"적자"),"미산출") | M23: =IF(ISNUMBER(J23),IF(J23>0,E23/J23,"적자"),"미산출") | N23: =IF(원자료!O57="","미확인",원자료!O57) | O23: 16.7 | P23: 13.8 | Q23: 기존 / 원표 기준
A24: 78 | B24: 두산테스나 | C24: 131970 | D24: =원자료!I79 | E24: =D24*원자료!J79/100000000 | F24: =IF(원자료!T79="","미확인",원자료!T79) | G24: =IF(원자료!D79="","미확인",원자료!D79) | H24: =IF(AND(ISNUMBER(F24),ISNUMBER(G24)),IF(F24=0,IF(G24>0,"흑자전환",IF(G24=0,"손익분기","미확인")),IF(F24<0,IF(G24>0,"흑자전환",IF(G24=0,"손익분기","적자지속")),IF(G24<0,"적자전환",IF(G24=0,-1,G24/F24-1)))),"미확인") | I24: =IF(원자료!U79="","미확인",원자료!U79) | J24: =IF(원자료!E79="","미확인",원자료!E79) | K24: =IF(AND(ISNUMBER(I24),ISNUMBER(J24)),IF(I24=0,IF(J24>0,"흑자전환",IF(J24=0,"손익분기","미확인")),IF(I24<0,IF(J24>0,"흑자전환",IF(J24=0,"손익분기","적자지속")),IF(J24<0,"적자전환",IF(J24=0,-1,J24/I24-1)))),"미확인") | L24: =IF(ISNUMBER(G24),IF(G24>0,E24/G24,"적자"),"미산출") | M24: =IF(ISNUMBER(J24),IF(J24>0,E24/J24,"적자"),"미산출") | N24: =IF(원자료!O79="","미확인",원자료!O79) | O24: 26.4 | P24: 21.8 | Q24: 기존 / 원표 기준
A25: 87 | B25: 주성엔지니어링 | C25: 036930 | D25: =원자료!I92 | E25: =D25*원자료!J92/100000000 | F25: =IF(원자료!T92="","미확인",원자료!T92) | G25: =IF(원자료!D92="","미확인",원자료!D92) | H25: =IF(AND(ISNUMBER(F25),ISNUMBER(G25)),IF(F25=0,IF(G25>0,"흑자전환",IF(G25=0,"손익분기","미확인")),IF(F25<0,IF(G25>0,"흑자전환",IF(G25=0,"손익분기","적자지속")),IF(G25<0,"적자전환",IF(G25=0,-1,G25/F25-1)))),"미확인") | I25: =IF(원자료!U92="","미확인",원자료!U92) | J25: =IF(원자료!E92="","미확인",원자료!E92) | K25: =IF(AND(ISNUMBER(I25),ISNUMBER(J25)),IF(I25=0,IF(J25>0,"흑자전환",IF(J25=0,"손익분기","미확인")),IF(I25<0,IF(J25>0,"흑자전환",IF(J25=0,"손익분기","적자지속")),IF(J25<0,"적자전환",IF(J25=0,-1,J25/I25-1)))),"미확인") | L25: =IF(ISNUMBER(G25),IF(G25>0,E25/G25,"적자"),"미산출") | M25: =IF(ISNUMBER(J25),IF(J25>0,E25/J25,"적자"),"미산출") | N25: =IF(원자료!O92="","미확인",원자료!O92) | O25: 100.3 | P25: 83.9 | Q25: 기존 / 원표 기준
A26: 35 | B26: 예스티 | C26: 122640 | D26: =원자료!I46 | E26: =D26*원자료!J46/100000000 | F26: =IF(원자료!T46="","미확인",원자료!T46) | G26: =IF(원자료!D46="","미확인",원자료!D46) | H26: =IF(AND(ISNUMBER(F26),ISNUMBER(G26)),IF(F26=0,IF(G26>0,"흑자전환",IF(G26=0,"손익분기","미확인")),IF(F26<0,IF(G26>0,"흑자전환",IF(G26=0,"손익분기","적자지속")),IF(G26<0,"적자전환",IF(G26=0,-1,G26/F26-1)))),"미확인") | I26: =IF(원자료!U46="","미확인",원자료!U46) | J26: =IF(원자료!E46="","미확인",원자료!E46) | K26: =IF(AND(ISNUMBER(I26),ISNUMBER(J26)),IF(I26=0,IF(J26>0,"흑자전환",IF(J26=0,"손익분기","미확인")),IF(I26<0,IF(J26>0,"흑자전환",IF(J26=0,"손익분기","적자지속")),IF(J26<0,"적자전환",IF(J26=0,-1,J26/I26-1)))),"미확인") | L26: =IF(ISNUMBER(G26),IF(G26>0,E26/G26,"적자"),"미산출") | M26: =IF(ISNUMBER(J26),IF(J26>0,E26/J26,"적자"),"미산출") | N26: =IF(원자료!O46="","미확인",원자료!O46) | O26: 13.5 | P26: 10.2 | Q26: 기존 / 원표 기준
A27: 60 | B27: 기가비스 | C27: 420770 | D27: =원자료!I64 | E27: =D27*원자료!J64/100000000 | F27: =IF(원자료!T64="","미확인",원자료!T64) | G27: =IF(원자료!D64="","미확인",원자료!D64) | H27: =IF(AND(ISNUMBER(F27),ISNUMBER(G27)),IF(F27=0,IF(G27>0,"흑자전환",IF(G27=0,"손익분기","미확인")),IF(F27<0,IF(G27>0,"흑자전환",IF(G27=0,"손익분기","적자지속")),IF(G27<0,"적자전환",IF(G27=0,-1,G27/F27-1)))),"미확인") | I27: =IF(원자료!U64="","미확인",원자료!U64) | J27: =IF(원자료!E64="","미확인",원자료!E64) | K27: =IF(AND(ISNUMBER(I27),ISNUMBER(J27)),IF(I27=0,IF(J27>0,"흑자전환",IF(J27=0,"손익분기","미확인")),IF(I27<0,IF(J27>0,"흑자전환",IF(J27=0,"손익분기","적자지속")),IF(J27<0,"적자전환",IF(J27=0,-1,J27/I27-1)))),"미확인") | L27: =IF(ISNUMBER(G27),IF(G27>0,E27/G27,"적자"),"미산출") | M27: =IF(ISNUMBER(J27),IF(J27>0,E27/J27,"적자"),"미산출") | N27: =IF(원자료!O64="","미확인",원자료!O64) | O27: 20 | P27: 16.8 | Q27: 기존 / 원표 기준
A28: 41 | B28: 비씨엔씨 | C28: 146320 | D28: =원자료!I45 | E28: =D28*원자료!J45/100000000 | F28: =IF(원자료!T45="","미확인",원자료!T45) | G28: =IF(원자료!D45="","미확인",원자료!D45) | H28: =IF(AND(ISNUMBER(F28),ISNUMBER(G28)),IF(F28=0,IF(G28>0,"흑자전환",IF(G28=0,"손익분기","미확인")),IF(F28<0,IF(G28>0,"흑자전환",IF(G28=0,"손익분기","적자지속")),IF(G28<0,"적자전환",IF(G28=0,-1,G28/F28-1)))),"미확인") | I28: =IF(원자료!U45="","미확인",원자료!U45) | J28: =IF(원자료!E45="","미확인",원자료!E45) | K28: =IF(AND(ISNUMBER(I28),ISNUMBER(J28)),IF(I28=0,IF(J28>0,"흑자전환",IF(J28=0,"손익분기","미확인")),IF(I28<0,IF(J28>0,"흑자전환",IF(J28=0,"손익분기","적자지속")),IF(J28<0,"적자전환",IF(J28=0,-1,J28/I28-1)))),"미확인") | L28: =IF(ISNUMBER(G28),IF(G28>0,E28/G28,"적자"),"미산출") | M28: =IF(ISNUMBER(J28),IF(J28>0,E28/J28,"적자"),"미산출") | N28: =IF(원자료!O45="","미확인",원자료!O45) | O28: 13.5 | P28: 8.9 | Q28: 기존 / 원표 기준
A29: 33 | B29: 와이씨켐 | C29: 112290 | D29: =원자료!I41 | E29: =D29*원자료!J41/100000000 | F29: =IF(원자료!T41="","미확인",원자료!T41) | G29: =IF(원자료!D41="","미확인",원자료!D41) | H29: =IF(AND(ISNUMBER(F29),ISNUMBER(G29)),IF(F29=0,IF(G29>0,"흑자전환",IF(G29=0,"손익분기","미확인")),IF(F29<0,IF(G29>0,"흑자전환",IF(G29=0,"손익분기","적자지속")),IF(G29<0,"적자전환",IF(G29=0,-1,G29/F29-1)))),"미확인") | I29: =IF(원자료!U41="","미확인",원자료!U41) | J29: =IF(원자료!E41="","미확인",원자료!E41) | K29: =IF(AND(ISNUMBER(I29),ISNUMBER(J29)),IF(I29=0,IF(J29>0,"흑자전환",IF(J29=0,"손익분기","미확인")),IF(I29<0,IF(J29>0,"흑자전환",IF(J29=0,"손익분기","적자지속")),IF(J29<0,"적자전환",IF(J29=0,-1,J29/I29-1)))),"미확인") | L29: =IF(ISNUMBER(G29),IF(G29>0,E29/G29,"적자"),"미산출") | M29: =IF(ISNUMBER(J29),IF(J29>0,E29/J29,"적자"),"미산출") | N29: =IF(원자료!O41="","미확인",원자료!O41) | O29: 12.8 | P29: 11.1 | Q29: 기존 / 원표 기준
A30: 81 | B30: 삼성전기 | C30: 009150 | D30: =원자료!I97 | E30: =D30*원자료!J97/100000000 | F30: =IF(원자료!T97="","미확인",원자료!T97) | G30: =IF(원자료!D97="","미확인",원자료!D97) | H30: =IF(AND(ISNUMBER(F30),ISNUMBER(G30)),IF(F30=0,IF(G30>0,"흑자전환",IF(G30=0,"손익분기","미확인")),IF(F30<0,IF(G30>0,"흑자전환",IF(G30=0,"손익분기","적자지속")),IF(G30<0,"적자전환",IF(G30=0,-1,G30/F30-1)))),"미확인") | I30: =IF(원자료!U97="","미확인",원자료!U97) | J30: =IF(원자료!E97="","미확인",원자료!E97) | K30: =IF(AND(ISNUMBER(I30),ISNUMBER(J30)),IF(I30=0,IF(J30>0,"흑자전환",IF(J30=0,"손익분기","미확인")),IF(I30<0,IF(J30>0,"흑자전환",IF(J30=0,"손익분기","적자지속")),IF(J30<0,"적자전환",IF(J30=0,-1,J30/I30-1)))),"미확인") | L30: =IF(ISNUMBER(G30),IF(G30>0,E30/G30,"적자"),"미산출") | M30: =IF(ISNUMBER(J30),IF(J30>0,E30/J30,"적자"),"미산출") | N30: =IF(원자료!O97="","미확인",원자료!O97) | Q30: 추가 / 지배순이익
A31: 8 | B31: 유니테스트 | C31: 086390 | D31: =원자료!I19 | E31: =D31*원자료!J19/100000000 | F31: =IF(원자료!T19="","미확인",원자료!T19) | G31: =IF(원자료!D19="","미확인",원자료!D19) | H31: =IF(AND(ISNUMBER(F31),ISNUMBER(G31)),IF(F31=0,IF(G31>0,"흑자전환",IF(G31=0,"손익분기","미확인")),IF(F31<0,IF(G31>0,"흑자전환",IF(G31=0,"손익분기","적자지속")),IF(G31<0,"적자전환",IF(G31=0,-1,G31/F31-1)))),"미확인") | I31: =IF(원자료!U19="","미확인",원자료!U19) | J31: =IF(원자료!E19="","미확인",원자료!E19) | K31: =IF(AND(ISNUMBER(I31),ISNUMBER(J31)),IF(I31=0,IF(J31>0,"흑자전환",IF(J31=0,"손익분기","미확인")),IF(I31<0,IF(J31>0,"흑자전환",IF(J31=0,"손익분기","적자지속")),IF(J31<0,"적자전환",IF(J31=0,-1,J31/I31-1)))),"미확인") | L31: =IF(ISNUMBER(G31),IF(G31>0,E31/G31,"적자"),"미산출") | M31: =IF(ISNUMBER(J31),IF(J31>0,E31/J31,"적자"),"미산출") | N31: =IF(원자료!O19="","미확인",원자료!O19) | O31: 7.8 | P31: 6.2 | Q31: 기존 / 원표 기준
A32: 73 | B32: 에프에스티 | C32: 036810 | D32: =원자료!I84 | E32: =D32*원자료!J84/100000000 | F32: =IF(원자료!T84="","미확인",원자료!T84) | G32: =IF(원자료!D84="","미확인",원자료!D84) | H32: =IF(AND(ISNUMBER(F32),ISNUMBER(G32)),IF(F32=0,IF(G32>0,"흑자전환",IF(G32=0,"손익분기","미확인")),IF(F32<0,IF(G32>0,"흑자전환",IF(G32=0,"손익분기","적자지속")),IF(G32<0,"적자전환",IF(G32=0,-1,G32/F32-1)))),"미확인") | I32: =IF(원자료!U84="","미확인",원자료!U84) | J32: =IF(원자료!E84="","미확인",원자료!E84) | K32: =IF(AND(ISNUMBER(I32),ISNUMBER(J32)),IF(I32=0,IF(J32>0,"흑자전환",IF(J32=0,"손익분기","미확인")),IF(I32<0,IF(J32>0,"흑자전환",IF(J32=0,"손익분기","적자지속")),IF(J32<0,"적자전환",IF(J32=0,-1,J32/I32-1)))),"미확인") | L32: =IF(ISNUMBER(G32),IF(G32>0,E32/G32,"적자"),"미산출") | M32: =IF(ISNUMBER(J32),IF(J32>0,E32/J32,"적자"),"미산출") | N32: =IF(원자료!O84="","미확인",원자료!O84) | O32: 28.6 | P32: 16.4 | Q32: 기존 / 원표 기준
A33: 39 | B33: 오킨스전자 | C33: 080580 | D33: =원자료!I43 | E33: =D33*원자료!J43/100000000 | F33: =IF(원자료!T43="","미확인",원자료!T43) | G33: =IF(원자료!D43="","미확인",원자료!D43) | H33: =IF(AND(ISNUMBER(F33),ISNUMBER(G33)),IF(F33=0,IF(G33>0,"흑자전환",IF(G33=0,"손익분기","미확인")),IF(F33<0,IF(G33>0,"흑자전환",IF(G33=0,"손익분기","적자지속")),IF(G33<0,"적자전환",IF(G33=0,-1,G33/F33-1)))),"미확인") | I33: =IF(원자료!U43="","미확인",원자료!U43) | J33: =IF(원자료!E43="","미확인",원자료!E43) | K33: =IF(AND(ISNUMBER(I33),ISNUMBER(J33)),IF(I33=0,IF(J33>0,"흑자전환",IF(J33=0,"손익분기","미확인")),IF(I33<0,IF(J33>0,"흑자전환",IF(J33=0,"손익분기","적자지속")),IF(J33<0,"적자전환",IF(J33=0,-1,J33/I33-1)))),"미확인") | L33: =IF(ISNUMBER(G33),IF(G33>0,E33/G33,"적자"),"미산출") | M33: =IF(ISNUMBER(J33),IF(J33>0,E33/J33,"적자"),"미산출") | N33: =IF(원자료!O43="","미확인",원자료!O43) | O33: 13 | P33: 10.6 | Q33: 기존 / 원표 기준
A34: 26 | B34: 펨트론 | C34: 168360 | D34: =원자료!I40 | E34: =D34*원자료!J40/100000000 | F34: =IF(원자료!T40="","미확인",원자료!T40) | G34: =IF(원자료!D40="","미확인",원자료!D40) | H34: =IF(AND(ISNUMBER(F34),ISNUMBER(G34)),IF(F34=0,IF(G34>0,"흑자전환",IF(G34=0,"손익분기","미확인")),IF(F34<0,IF(G34>0,"흑자전환",IF(G34=0,"손익분기","적자지속")),IF(G34<0,"적자전환",IF(G34=0,-1,G34/F34-1)))),"미확인") | I34: =IF(원자료!U40="","미확인",원자료!U40) | J34: =IF(원자료!E40="","미확인",원자료!E40) | K34: =IF(AND(ISNUMBER(I34),ISNUMBER(J34)),IF(I34=0,IF(J34>0,"흑자전환",IF(J34=0,"손익분기","미확인")),IF(I34<0,IF(J34>0,"흑자전환",IF(J34=0,"손익분기","적자지속")),IF(J34<0,"적자전환",IF(J34=0,-1,J34/I34-1)))),"미확인") | L34: =IF(ISNUMBER(G34),IF(G34>0,E34/G34,"적자"),"미산출") | M34: =IF(ISNUMBER(J34),IF(J34>0,E34/J34,"적자"),"미산출") | N34: =IF(원자료!O40="","미확인",원자료!O40) | O34: 12.7 | P34: 9.9 | Q34: 기존 / 원표 기준
A35: 65 | B35: 후성 | C35: 093370 | D35: =원자료!I70 | E35: =D35*원자료!J70/100000000 | F35: =IF(원자료!T70="","미확인",원자료!T70) | G35: =IF(원자료!D70="","미확인",원자료!D70) | H35: =IF(AND(ISNUMBER(F35),ISNUMBER(G35)),IF(F35=0,IF(G35>0,"흑자전환",IF(G35=0,"손익분기","미확인")),IF(F35<0,IF(G35>0,"흑자전환",IF(G35=0,"손익분기","적자지속")),IF(G35<0,"적자전환",IF(G35=0,-1,G35/F35-1)))),"미확인") | I35: =IF(원자료!U70="","미확인",원자료!U70) | J35: =IF(원자료!E70="","미확인",원자료!E70) | K35: =IF(AND(ISNUMBER(I35),ISNUMBER(J35)),IF(I35=0,IF(J35>0,"흑자전환",IF(J35=0,"손익분기","미확인")),IF(I35<0,IF(J35>0,"흑자전환",IF(J35=0,"손익분기","적자지속")),IF(J35<0,"적자전환",IF(J35=0,-1,J35/I35-1)))),"미확인") | L35: =IF(ISNUMBER(G35),IF(G35>0,E35/G35,"적자"),"미산출") | M35: =IF(ISNUMBER(J35),IF(J35>0,E35/J35,"적자"),"미산출") | N35: =IF(원자료!O70="","미확인",원자료!O70) | O35: 21.4 | P35: 14.5 | Q35: 기존 / †
A36: 46 | B36: 큐알티 | C36: 405100 | D36: =원자료!I42 | E36: =D36*원자료!J42/100000000 | F36: =IF(원자료!T42="","미확인",원자료!T42) | G36: =IF(원자료!D42="","미확인",원자료!D42) | H36: =IF(AND(ISNUMBER(F36),ISNUMBER(G36)),IF(F36=0,IF(G36>0,"흑자전환",IF(G36=0,"손익분기","미확인")),IF(F36<0,IF(G36>0,"흑자전환",IF(G36=0,"손익분기","적자지속")),IF(G36<0,"적자전환",IF(G36=0,-1,G36/F36-1)))),"미확인") | I36: =IF(원자료!U42="","미확인",원자료!U42) | J36: =IF(원자료!E42="","미확인",원자료!E42) | K36: =IF(AND(ISNUMBER(I36),ISNUMBER(J36)),IF(I36=0,IF(J36>0,"흑자전환",IF(J36=0,"손익분기","미확인")),IF(I36<0,IF(J36>0,"흑자전환",IF(J36=0,"손익분기","적자지속")),IF(J36<0,"적자전환",IF(J36=0,-1,J36/I36-1)))),"미확인") | L36: =IF(ISNUMBER(G36),IF(G36>0,E36/G36,"적자"),"미산출") | M36: =IF(ISNUMBER(J36),IF(J36>0,E36/J36,"적자"),"미산출") | N36: =IF(원자료!O42="","미확인",원자료!O42) | O36: 12.8 | P36: 9.5 | Q36: 기존 / 원표 기준
A37: 43 | B37: 네오티스 | C37: 085910 | D37: =원자료!I94 | E37: =D37*원자료!J94/100000000 | F37: =IF(원자료!T94="","미확인",원자료!T94) | G37: =IF(원자료!D94="","미확인",원자료!D94) | H37: =IF(AND(ISNUMBER(F37),ISNUMBER(G37)),IF(F37=0,IF(G37>0,"흑자전환",IF(G37=0,"손익분기","미확인")),IF(F37<0,IF(G37>0,"흑자전환",IF(G37=0,"손익분기","적자지속")),IF(G37<0,"적자전환",IF(G37=0,-1,G37/F37-1)))),"미확인") | I37: =IF(원자료!U94="","미확인",원자료!U94) | J37: =IF(원자료!E94="","미확인",원자료!E94) | K37: =IF(AND(ISNUMBER(I37),ISNUMBER(J37)),IF(I37=0,IF(J37>0,"흑자전환",IF(J37=0,"손익분기","미확인")),IF(I37<0,IF(J37>0,"흑자전환",IF(J37=0,"손익분기","적자지속")),IF(J37<0,"적자전환",IF(J37=0,-1,J37/I37-1)))),"미확인") | L37: =IF(ISNUMBER(G37),IF(G37>0,E37/G37,"적자"),"미산출") | M37: =IF(ISNUMBER(J37),IF(J37>0,E37/J37,"적자"),"미산출") | N37: =IF(원자료!O94="","미확인",원자료!O94) | Q37: 추가 / 지배순이익
A38: 50 | B38: 심텍 | C38: 222800 | D38: =원자료!I58 | E38: =D38*원자료!J58/100000000 | F38: =IF(원자료!T58="","미확인",원자료!T58) | G38: =IF(원자료!D58="","미확인",원자료!D58) | H38: =IF(AND(ISNUMBER(F38),ISNUMBER(G38)),IF(F38=0,IF(G38>0,"흑자전환",IF(G38=0,"손익분기","미확인")),IF(F38<0,IF(G38>0,"흑자전환",IF(G38=0,"손익분기","적자지속")),IF(G38<0,"적자전환",IF(G38=0,-1,G38/F38-1)))),"미확인") | I38: =IF(원자료!U58="","미확인",원자료!U58) | J38: =IF(원자료!E58="","미확인",원자료!E58) | K38: =IF(AND(ISNUMBER(I38),ISNUMBER(J38)),IF(I38=0,IF(J38>0,"흑자전환",IF(J38=0,"손익분기","미확인")),IF(I38<0,IF(J38>0,"흑자전환",IF(J38=0,"손익분기","적자지속")),IF(J38<0,"적자전환",IF(J38=0,-1,J38/I38-1)))),"미확인") | L38: =IF(ISNUMBER(G38),IF(G38>0,E38/G38,"적자"),"미산출") | M38: =IF(ISNUMBER(J38),IF(J38>0,E38/J38,"적자"),"미산출") | N38: =IF(원자료!O58="","미확인",원자료!O58) | O38: 17.6 | P38: 13.6 | Q38: 기존 / 원표 기준
A39: 85 | B39: RF머트리얼즈 | C39: 327260 | D39: =원자료!I96 | E39: =D39*원자료!J96/100000000 | F39: =IF(원자료!T96="","미확인",원자료!T96) | G39: =IF(원자료!D96="","미확인",원자료!D96) | H39: =IF(AND(ISNUMBER(F39),ISNUMBER(G39)),IF(F39=0,IF(G39>0,"흑자전환",IF(G39=0,"손익분기","미확인")),IF(F39<0,IF(G39>0,"흑자전환",IF(G39=0,"손익분기","적자지속")),IF(G39<0,"적자전환",IF(G39=0,-1,G39/F39-1)))),"미확인") | I39: =IF(원자료!U96="","미확인",원자료!U96) | J39: =IF(원자료!E96="","미확인",원자료!E96) | K39: =IF(AND(ISNUMBER(I39),ISNUMBER(J39)),IF(I39=0,IF(J39>0,"흑자전환",IF(J39=0,"손익분기","미확인")),IF(I39<0,IF(J39>0,"흑자전환",IF(J39=0,"손익분기","적자지속")),IF(J39<0,"적자전환",IF(J39=0,-1,J39/I39-1)))),"미확인") | L39: =IF(ISNUMBER(G39),IF(G39>0,E39/G39,"적자"),"미산출") | M39: =IF(ISNUMBER(J39),IF(J39>0,E39/J39,"적자"),"미산출") | N39: =IF(원자료!O96="","미확인",원자료!O96) | Q39: 추가 / 지배순이익
A40: 7 | B40: 에프엔에스테크 | C40: 083500 | D40: =원자료!I15 | E40: =D40*원자료!J15/100000000 | F40: =IF(원자료!T15="","미확인",원자료!T15) | G40: =IF(원자료!D15="","미확인",원자료!D15) | H40: =IF(AND(ISNUMBER(F40),ISNUMBER(G40)),IF(F40=0,IF(G40>0,"흑자전환",IF(G40=0,"손익분기","미확인")),IF(F40<0,IF(G40>0,"흑자전환",IF(G40=0,"손익분기","적자지속")),IF(G40<0,"적자전환",IF(G40=0,-1,G40/F40-1)))),"미확인") | I40: =IF(원자료!U15="","미확인",원자료!U15) | J40: =IF(원자료!E15="","미확인",원자료!E15) | K40: =IF(AND(ISNUMBER(I40),ISNUMBER(J40)),IF(I40=0,IF(J40>0,"흑자전환",IF(J40=0,"손익분기","미확인")),IF(I40<0,IF(J40>0,"흑자전환",IF(J40=0,"손익분기","적자지속")),IF(J40<0,"적자전환",IF(J40=0,-1,J40/I40-1)))),"미확인") | L40: =IF(ISNUMBER(G40),IF(G40>0,E40/G40,"적자"),"미산출") | M40: =IF(ISNUMBER(J40),IF(J40>0,E40/J40,"적자"),"미산출") | N40: =IF(원자료!O15="","미확인",원자료!O15) | O40: 6.4 | P40: 4.3 | Q40: 기존 / †
A41: 3 | B41: 엠케이전자 | C41: 033160 | D41: =원자료!I12 | E41: =D41*원자료!J12/100000000 | F41: =IF(원자료!T12="","미확인",원자료!T12) | G41: =IF(원자료!D12="","미확인",원자료!D12) | H41: =IF(AND(ISNUMBER(F41),ISNUMBER(G41)),IF(F41=0,IF(G41>0,"흑자전환",IF(G41=0,"손익분기","미확인")),IF(F41<0,IF(G41>0,"흑자전환",IF(G41=0,"손익분기","적자지속")),IF(G41<0,"적자전환",IF(G41=0,-1,G41/F41-1)))),"미확인") | I41: =IF(원자료!U12="","미확인",원자료!U12) | J41: =IF(원자료!E12="","미확인",원자료!E12) | K41: =IF(AND(ISNUMBER(I41),ISNUMBER(J41)),IF(I41=0,IF(J41>0,"흑자전환",IF(J41=0,"손익분기","미확인")),IF(I41<0,IF(J41>0,"흑자전환",IF(J41=0,"손익분기","적자지속")),IF(J41<0,"적자전환",IF(J41=0,-1,J41/I41-1)))),"미확인") | L41: =IF(ISNUMBER(G41),IF(G41>0,E41/G41,"적자"),"미산출") | M41: =IF(ISNUMBER(J41),IF(J41>0,E41/J41,"적자"),"미산출") | N41: =IF(원자료!O12="","미확인",원자료!O12) | O41: 4.3 | P41: 2.6 | Q41: 기존 / †
A42: 22 | B42: 코세스 | C42: 089890 | D42: =원자료!I28 | E42: =D42*원자료!J28/100000000 | F42: =IF(원자료!T28="","미확인",원자료!T28) | G42: =IF(원자료!D28="","미확인",원자료!D28) | H42: =IF(AND(ISNUMBER(F42),ISNUMBER(G42)),IF(F42=0,IF(G42>0,"흑자전환",IF(G42=0,"손익분기","미확인")),IF(F42<0,IF(G42>0,"흑자전환",IF(G42=0,"손익분기","적자지속")),IF(G42<0,"적자전환",IF(G42=0,-1,G42/F42-1)))),"미확인") | I42: =IF(원자료!U28="","미확인",원자료!U28) | J42: =IF(원자료!E28="","미확인",원자료!E28) | K42: =IF(AND(ISNUMBER(I42),ISNUMBER(J42)),IF(I42=0,IF(J42>0,"흑자전환",IF(J42=0,"손익분기","미확인")),IF(I42<0,IF(J42>0,"흑자전환",IF(J42=0,"손익분기","적자지속")),IF(J42<0,"적자전환",IF(J42=0,-1,J42/I42-1)))),"미확인") | L42: =IF(ISNUMBER(G42),IF(G42>0,E42/G42,"적자"),"미산출") | M42: =IF(ISNUMBER(J42),IF(J42>0,E42/J42,"적자"),"미산출") | N42: =IF(원자료!O28="","미확인",원자료!O28) | O42: 9.5 | P42: 7.9 | Q42: 기존 / 원표 기준
A43: 40 | B43: 네패스 | C43: 033640 | D43: =원자료!I53 | E43: =D43*원자료!J53/100000000 | F43: =IF(원자료!T53="","미확인",원자료!T53) | G43: =IF(원자료!D53="","미확인",원자료!D53) | H43: =IF(AND(ISNUMBER(F43),ISNUMBER(G43)),IF(F43=0,IF(G43>0,"흑자전환",IF(G43=0,"손익분기","미확인")),IF(F43<0,IF(G43>0,"흑자전환",IF(G43=0,"손익분기","적자지속")),IF(G43<0,"적자전환",IF(G43=0,-1,G43/F43-1)))),"미확인") | I43: =IF(원자료!U53="","미확인",원자료!U53) | J43: =IF(원자료!E53="","미확인",원자료!E53) | K43: =IF(AND(ISNUMBER(I43),ISNUMBER(J43)),IF(I43=0,IF(J43>0,"흑자전환",IF(J43=0,"손익분기","미확인")),IF(I43<0,IF(J43>0,"흑자전환",IF(J43=0,"손익분기","적자지속")),IF(J43<0,"적자전환",IF(J43=0,-1,J43/I43-1)))),"미확인") | L43: =IF(ISNUMBER(G43),IF(G43>0,E43/G43,"적자"),"미산출") | M43: =IF(ISNUMBER(J43),IF(J43>0,E43/J43,"적자"),"미산출") | N43: =IF(원자료!O53="","미확인",원자료!O53) | O43: 14.6 | P43: 8.4 | Q43: 기존 / †
A44: 14 | B44: 엘티씨 | C44: 170920 | D44: =원자료!I25 | E44: =D44*원자료!J25/100000000 | F44: =IF(원자료!T25="","미확인",원자료!T25) | G44: =IF(원자료!D25="","미확인",원자료!D25) | H44: =IF(AND(ISNUMBER(F44),ISNUMBER(G44)),IF(F44=0,IF(G44>0,"흑자전환",IF(G44=0,"손익분기","미확인")),IF(F44<0,IF(G44>0,"흑자전환",IF(G44=0,"손익분기","적자지속")),IF(G44<0,"적자전환",IF(G44=0,-1,G44/F44-1)))),"미확인") | I44: =IF(원자료!U25="","미확인",원자료!U25) | J44: =IF(원자료!E25="","미확인",원자료!E25) | K44: =IF(AND(ISNUMBER(I44),ISNUMBER(J44)),IF(I44=0,IF(J44>0,"흑자전환",IF(J44=0,"손익분기","미확인")),IF(I44<0,IF(J44>0,"흑자전환",IF(J44=0,"손익분기","적자지속")),IF(J44<0,"적자전환",IF(J44=0,-1,J44/I44-1)))),"미확인") | L44: =IF(ISNUMBER(G44),IF(G44>0,E44/G44,"적자"),"미산출") | M44: =IF(ISNUMBER(J44),IF(J44>0,E44/J44,"적자"),"미산출") | N44: =IF(원자료!O25="","미확인",원자료!O25) | O44: 8.8 | P44: 3.5 | Q44: 기존 / †
A45: 51 | B45: 엑시콘 | C45: 092870 | D45: =원자료!I59 | E45: =D45*원자료!J59/100000000 | F45: =IF(원자료!T59="","미확인",원자료!T59) | G45: =IF(원자료!D59="","미확인",원자료!D59) | H45: =IF(AND(ISNUMBER(F45),ISNUMBER(G45)),IF(F45=0,IF(G45>0,"흑자전환",IF(G45=0,"손익분기","미확인")),IF(F45<0,IF(G45>0,"흑자전환",IF(G45=0,"손익분기","적자지속")),IF(G45<0,"적자전환",IF(G45=0,-1,G45/F45-1)))),"미확인") | I45: =IF(원자료!U59="","미확인",원자료!U59) | J45: =IF(원자료!E59="","미확인",원자료!E59) | K45: =IF(AND(ISNUMBER(I45),ISNUMBER(J45)),IF(I45=0,IF(J45>0,"흑자전환",IF(J45=0,"손익분기","미확인")),IF(I45<0,IF(J45>0,"흑자전환",IF(J45=0,"손익분기","적자지속")),IF(J45<0,"적자전환",IF(J45=0,-1,J45/I45-1)))),"미확인") | L45: =IF(ISNUMBER(G45),IF(G45>0,E45/G45,"적자"),"미산출") | M45: =IF(ISNUMBER(J45),IF(J45>0,E45/J45,"적자"),"미산출") | N45: =IF(원자료!O59="","미확인",원자료!O59) | O45: 17.8 | P45: 17.9 | Q45: 기존 / 원표 기준
A46: 57 | B46: 이수페타시스 | C46: 007660 | D46: =원자료!I69 | E46: =D46*원자료!J69/100000000 | F46: =IF(원자료!T69="","미확인",원자료!T69) | G46: =IF(원자료!D69="","미확인",원자료!D69) | H46: =IF(AND(ISNUMBER(F46),ISNUMBER(G46)),IF(F46=0,IF(G46>0,"흑자전환",IF(G46=0,"손익분기","미확인")),IF(F46<0,IF(G46>0,"흑자전환",IF(G46=0,"손익분기","적자지속")),IF(G46<0,"적자전환",IF(G46=0,-1,G46/F46-1)))),"미확인") | I46: =IF(원자료!U69="","미확인",원자료!U69) | J46: =IF(원자료!E69="","미확인",원자료!E69) | K46: =IF(AND(ISNUMBER(I46),ISNUMBER(J46)),IF(I46=0,IF(J46>0,"흑자전환",IF(J46=0,"손익분기","미확인")),IF(I46<0,IF(J46>0,"흑자전환",IF(J46=0,"손익분기","적자지속")),IF(J46<0,"적자전환",IF(J46=0,-1,J46/I46-1)))),"미확인") | L46: =IF(ISNUMBER(G46),IF(G46>0,E46/G46,"적자"),"미산출") | M46: =IF(ISNUMBER(J46),IF(J46>0,E46/J46,"적자"),"미산출") | N46: =IF(원자료!O69="","미확인",원자료!O69) | O46: 20.9 | P46: 16.8 | Q46: 기존 / 원표 기준
A47: 71 | B47: 에이직랜드 | C47: 445090 | D47: =원자료!I78 | E47: =D47*원자료!J78/100000000 | F47: =IF(원자료!T78="","미확인",원자료!T78) | G47: =IF(원자료!D78="","미확인",원자료!D78) | H47: =IF(AND(ISNUMBER(F47),ISNUMBER(G47)),IF(F47=0,IF(G47>0,"흑자전환",IF(G47=0,"손익분기","미확인")),IF(F47<0,IF(G47>0,"흑자전환",IF(G47=0,"손익분기","적자지속")),IF(G47<0,"적자전환",IF(G47=0,-1,G47/F47-1)))),"미확인") | I47: =IF(원자료!U78="","미확인",원자료!U78) | J47: =IF(원자료!E78="","미확인",원자료!E78) | K47: =IF(AND(ISNUMBER(I47),ISNUMBER(J47)),IF(I47=0,IF(J47>0,"흑자전환",IF(J47=0,"손익분기","미확인")),IF(I47<0,IF(J47>0,"흑자전환",IF(J47=0,"손익분기","적자지속")),IF(J47<0,"적자전환",IF(J47=0,-1,J47/I47-1)))),"미확인") | L47: =IF(ISNUMBER(G47),IF(G47>0,E47/G47,"적자"),"미산출") | M47: =IF(ISNUMBER(J47),IF(J47>0,E47/J47,"적자"),"미산출") | N47: =IF(원자료!O78="","미확인",원자료!O78) | O47: 25.4 | P47: 25.4 | Q47: 기존 / 원표 기준
A48: 83 | B48: 이오테크닉스 | C48: 039030 | D48: =원자료!I89 | E48: =D48*원자료!J89/100000000 | F48: =IF(원자료!T89="","미확인",원자료!T89) | G48: =IF(원자료!D89="","미확인",원자료!D89) | H48: =IF(AND(ISNUMBER(F48),ISNUMBER(G48)),IF(F48=0,IF(G48>0,"흑자전환",IF(G48=0,"손익분기","미확인")),IF(F48<0,IF(G48>0,"흑자전환",IF(G48=0,"손익분기","적자지속")),IF(G48<0,"적자전환",IF(G48=0,-1,G48/F48-1)))),"미확인") | I48: =IF(원자료!U89="","미확인",원자료!U89) | J48: =IF(원자료!E89="","미확인",원자료!E89) | K48: =IF(AND(ISNUMBER(I48),ISNUMBER(J48)),IF(I48=0,IF(J48>0,"흑자전환",IF(J48=0,"손익분기","미확인")),IF(I48<0,IF(J48>0,"흑자전환",IF(J48=0,"손익분기","적자지속")),IF(J48<0,"적자전환",IF(J48=0,-1,J48/I48-1)))),"미확인") | L48: =IF(ISNUMBER(G48),IF(G48>0,E48/G48,"적자"),"미산출") | M48: =IF(ISNUMBER(J48),IF(J48>0,E48/J48,"적자"),"미산출") | N48: =IF(원자료!O89="","미확인",원자료!O89) | O48: 35.9 | P48: 29.4 | Q48: 기존 / 원표 기준
A49: 19 | B49: 저스템 | C49: 417840 | D49: =원자료!I32 | E49: =D49*원자료!J32/100000000 | F49: =IF(원자료!T32="","미확인",원자료!T32) | G49: =IF(원자료!D32="","미확인",원자료!D32) | H49: =IF(AND(ISNUMBER(F49),ISNUMBER(G49)),IF(F49=0,IF(G49>0,"흑자전환",IF(G49=0,"손익분기","미확인")),IF(F49<0,IF(G49>0,"흑자전환",IF(G49=0,"손익분기","적자지속")),IF(G49<0,"적자전환",IF(G49=0,-1,G49/F49-1)))),"미확인") | I49: =IF(원자료!U32="","미확인",원자료!U32) | J49: =IF(원자료!E32="","미확인",원자료!E32) | K49: =IF(AND(ISNUMBER(I49),ISNUMBER(J49)),IF(I49=0,IF(J49>0,"흑자전환",IF(J49=0,"손익분기","미확인")),IF(I49<0,IF(J49>0,"흑자전환",IF(J49=0,"손익분기","적자지속")),IF(J49<0,"적자전환",IF(J49=0,-1,J49/I49-1)))),"미확인") | L49: =IF(ISNUMBER(G49),IF(G49>0,E49/G49,"적자"),"미산출") | M49: =IF(ISNUMBER(J49),IF(J49>0,E49/J49,"적자"),"미산출") | N49: =IF(원자료!O32="","미확인",원자료!O32) | O49: 10.2 | P49: 8.7 | Q49: 기존 / 원표 기준
A50: 1 | B50: 삼성전자 | C50: 005930 | D50: =원자료!I10 | E50: =D50*원자료!J10/100000000 | F50: =IF(원자료!T10="","미확인",원자료!T10) | G50: =IF(원자료!D10="","미확인",원자료!D10) | H50: =IF(AND(ISNUMBER(F50),ISNUMBER(G50)),IF(F50=0,IF(G50>0,"흑자전환",IF(G50=0,"손익분기","미확인")),IF(F50<0,IF(G50>0,"흑자전환",IF(G50=0,"손익분기","적자지속")),IF(G50<0,"적자전환",IF(G50=0,-1,G50/F50-1)))),"미확인") | I50: =IF(원자료!U10="","미확인",원자료!U10) | J50: =IF(원자료!E10="","미확인",원자료!E10) | K50: =IF(AND(ISNUMBER(I50),ISNUMBER(J50)),IF(I50=0,IF(J50>0,"흑자전환",IF(J50=0,"손익분기","미확인")),IF(I50<0,IF(J50>0,"흑자전환",IF(J50=0,"손익분기","적자지속")),IF(J50<0,"적자전환",IF(J50=0,-1,J50/I50-1)))),"미확인") | L50: =IF(ISNUMBER(G50),IF(G50>0,E50/G50,"적자"),"미산출") | M50: =IF(ISNUMBER(J50),IF(J50>0,E50/J50,"적자"),"미산출") | N50: =IF(원자료!O10="","미확인",원자료!O10) | O50: 3.3 | P50: 2.6 | Q50: 기존 / 원표 기준
A51: 48 | B51: 티에프이 | C51: 425420 | D51: =원자료!I55 | E51: =D51*원자료!J55/100000000 | F51: =IF(원자료!T55="","미확인",원자료!T55) | G51: =IF(원자료!D55="","미확인",원자료!D55) | H51: =IF(AND(ISNUMBER(F51),ISNUMBER(G51)),IF(F51=0,IF(G51>0,"흑자전환",IF(G51=0,"손익분기","미확인")),IF(F51<0,IF(G51>0,"흑자전환",IF(G51=0,"손익분기","적자지속")),IF(G51<0,"적자전환",IF(G51=0,-1,G51/F51-1)))),"미확인") | I51: =IF(원자료!U55="","미확인",원자료!U55) | J51: =IF(원자료!E55="","미확인",원자료!E55) | K51: =IF(AND(ISNUMBER(I51),ISNUMBER(J51)),IF(I51=0,IF(J51>0,"흑자전환",IF(J51=0,"손익분기","미확인")),IF(I51<0,IF(J51>0,"흑자전환",IF(J51=0,"손익분기","적자지속")),IF(J51<0,"적자전환",IF(J51=0,-1,J51/I51-1)))),"미확인") | L51: =IF(ISNUMBER(G51),IF(G51>0,E51/G51,"적자"),"미산출") | M51: =IF(ISNUMBER(J51),IF(J51>0,E51/J51,"적자"),"미산출") | N51: =IF(원자료!O55="","미확인",원자료!O55) | O51: 16.2 | P51: 14.6 | Q51: 기존 / 원표 기준
A52: 32 | B52: 브이엠 | C52: 089970 | D52: =원자료!I47 | E52: =D52*원자료!J47/100000000 | F52: =IF(원자료!T47="","미확인",원자료!T47) | G52: =IF(원자료!D47="","미확인",원자료!D47) | H52: =IF(AND(ISNUMBER(F52),ISNUMBER(G52)),IF(F52=0,IF(G52>0,"흑자전환",IF(G52=0,"손익분기","미확인")),IF(F52<0,IF(G52>0,"흑자전환",IF(G52=0,"손익분기","적자지속")),IF(G52<0,"적자전환",IF(G52=0,-1,G52/F52-1)))),"미확인") | I52: =IF(원자료!U47="","미확인",원자료!U47) | J52: =IF(원자료!E47="","미확인",원자료!E47) | K52: =IF(AND(ISNUMBER(I52),ISNUMBER(J52)),IF(I52=0,IF(J52>0,"흑자전환",IF(J52=0,"손익분기","미확인")),IF(I52<0,IF(J52>0,"흑자전환",IF(J52=0,"손익분기","적자지속")),IF(J52<0,"적자전환",IF(J52=0,-1,J52/I52-1)))),"미확인") | L52: =IF(ISNUMBER(G52),IF(G52>0,E52/G52,"적자"),"미산출") | M52: =IF(ISNUMBER(J52),IF(J52>0,E52/J52,"적자"),"미산출") | N52: =IF(원자료!O47="","미확인",원자료!O47) | O52: 13.9 | P52: 12.1 | Q52: 기존 / 원표 기준
A53: 6 | B53: 케이엔제이 | C53: 272110 | D53: =원자료!I17 | E53: =D53*원자료!J17/100000000 | F53: =IF(원자료!T17="","미확인",원자료!T17) | G53: =IF(원자료!D17="","미확인",원자료!D17) | H53: =IF(AND(ISNUMBER(F53),ISNUMBER(G53)),IF(F53=0,IF(G53>0,"흑자전환",IF(G53=0,"손익분기","미확인")),IF(F53<0,IF(G53>0,"흑자전환",IF(G53=0,"손익분기","적자지속")),IF(G53<0,"적자전환",IF(G53=0,-1,G53/F53-1)))),"미확인") | I53: =IF(원자료!U17="","미확인",원자료!U17) | J53: =IF(원자료!E17="","미확인",원자료!E17) | K53: =IF(AND(ISNUMBER(I53),ISNUMBER(J53)),IF(I53=0,IF(J53>0,"흑자전환",IF(J53=0,"손익분기","미확인")),IF(I53<0,IF(J53>0,"흑자전환",IF(J53=0,"손익분기","적자지속")),IF(J53<0,"적자전환",IF(J53=0,-1,J53/I53-1)))),"미확인") | L53: =IF(ISNUMBER(G53),IF(G53>0,E53/G53,"적자"),"미산출") | M53: =IF(ISNUMBER(J53),IF(J53>0,E53/J53,"적자"),"미산출") | N53: =IF(원자료!O17="","미확인",원자료!O17) | O53: 7 | P53: 5.8 | Q53: 기존 / 원표 기준
A54: 49 | B54: 티엘비 | C54: 356860 | D54: =원자료!I60 | E54: =D54*원자료!J60/100000000 | F54: =IF(원자료!T60="","미확인",원자료!T60) | G54: =IF(원자료!D60="","미확인",원자료!D60) | H54: =IF(AND(ISNUMBER(F54),ISNUMBER(G54)),IF(F54=0,IF(G54>0,"흑자전환",IF(G54=0,"손익분기","미확인")),IF(F54<0,IF(G54>0,"흑자전환",IF(G54=0,"손익분기","적자지속")),IF(G54<0,"적자전환",IF(G54=0,-1,G54/F54-1)))),"미확인") | I54: =IF(원자료!U60="","미확인",원자료!U60) | J54: =IF(원자료!E60="","미확인",원자료!E60) | K54: =IF(AND(ISNUMBER(I54),ISNUMBER(J54)),IF(I54=0,IF(J54>0,"흑자전환",IF(J54=0,"손익분기","미확인")),IF(I54<0,IF(J54>0,"흑자전환",IF(J54=0,"손익분기","적자지속")),IF(J54<0,"적자전환",IF(J54=0,-1,J54/I54-1)))),"미확인") | L54: =IF(ISNUMBER(G54),IF(G54>0,E54/G54,"적자"),"미산출") | M54: =IF(ISNUMBER(J54),IF(J54>0,E54/J54,"적자"),"미산출") | N54: =IF(원자료!O60="","미확인",원자료!O60) | O54: 18.2 | P54: 14.6 | Q54: 기존 / 원표 기준
A55: 74 | B55: HPSP | C55: 403870 | D55: =원자료!I85 | E55: =D55*원자료!J85/100000000 | F55: =IF(원자료!T85="","미확인",원자료!T85) | G55: =IF(원자료!D85="","미확인",원자료!D85) | H55: =IF(AND(ISNUMBER(F55),ISNUMBER(G55)),IF(F55=0,IF(G55>0,"흑자전환",IF(G55=0,"손익분기","미확인")),IF(F55<0,IF(G55>0,"흑자전환",IF(G55=0,"손익분기","적자지속")),IF(G55<0,"적자전환",IF(G55=0,-1,G55/F55-1)))),"미확인") | I55: =IF(원자료!U85="","미확인",원자료!U85) | J55: =IF(원자료!E85="","미확인",원자료!E85) | K55: =IF(AND(ISNUMBER(I55),ISNUMBER(J55)),IF(I55=0,IF(J55>0,"흑자전환",IF(J55=0,"손익분기","미확인")),IF(I55<0,IF(J55>0,"흑자전환",IF(J55=0,"손익분기","적자지속")),IF(J55<0,"적자전환",IF(J55=0,-1,J55/I55-1)))),"미확인") | L55: =IF(ISNUMBER(G55),IF(G55>0,E55/G55,"적자"),"미산출") | M55: =IF(ISNUMBER(J55),IF(J55>0,E55/J55,"적자"),"미산출") | N55: =IF(원자료!O85="","미확인",원자료!O85) | O55: 28.9 | P55: 23.4 | Q55: 기존 / 원표 기준
A56: 44 | B56: 코리아써키트 | C56: 007810 | D56: =원자료!I54 | E56: =D56*원자료!J54/100000000 | F56: =IF(원자료!T54="","미확인",원자료!T54) | G56: =IF(원자료!D54="","미확인",원자료!D54) | H56: =IF(AND(ISNUMBER(F56),ISNUMBER(G56)),IF(F56=0,IF(G56>0,"흑자전환",IF(G56=0,"손익분기","미확인")),IF(F56<0,IF(G56>0,"흑자전환",IF(G56=0,"손익분기","적자지속")),IF(G56<0,"적자전환",IF(G56=0,-1,G56/F56-1)))),"미확인") | I56: =IF(원자료!U54="","미확인",원자료!U54) | J56: =IF(원자료!E54="","미확인",원자료!E54) | K56: =IF(AND(ISNUMBER(I56),ISNUMBER(J56)),IF(I56=0,IF(J56>0,"흑자전환",IF(J56=0,"손익분기","미확인")),IF(I56<0,IF(J56>0,"흑자전환",IF(J56=0,"손익분기","적자지속")),IF(J56<0,"적자전환",IF(J56=0,-1,J56/I56-1)))),"미확인") | L56: =IF(ISNUMBER(G56),IF(G56>0,E56/G56,"적자"),"미산출") | M56: =IF(ISNUMBER(J56),IF(J56>0,E56/J56,"적자"),"미산출") | N56: =IF(원자료!O54="","미확인",원자료!O54) | O56: 15.8 | P56: 12.1 | Q56: 기존 / †
A57: 15 | B57: 해성디에스 | C57: 195870 | D57: =원자료!I27 | E57: =D57*원자료!J27/100000000 | F57: =IF(원자료!T27="","미확인",원자료!T27) | G57: =IF(원자료!D27="","미확인",원자료!D27) | H57: =IF(AND(ISNUMBER(F57),ISNUMBER(G57)),IF(F57=0,IF(G57>0,"흑자전환",IF(G57=0,"손익분기","미확인")),IF(F57<0,IF(G57>0,"흑자전환",IF(G57=0,"손익분기","적자지속")),IF(G57<0,"적자전환",IF(G57=0,-1,G57/F57-1)))),"미확인") | I57: =IF(원자료!U27="","미확인",원자료!U27) | J57: =IF(원자료!E27="","미확인",원자료!E27) | K57: =IF(AND(ISNUMBER(I57),ISNUMBER(J57)),IF(I57=0,IF(J57>0,"흑자전환",IF(J57=0,"손익분기","미확인")),IF(I57<0,IF(J57>0,"흑자전환",IF(J57=0,"손익분기","적자지속")),IF(J57<0,"적자전환",IF(J57=0,-1,J57/I57-1)))),"미확인") | L57: =IF(ISNUMBER(G57),IF(G57>0,E57/G57,"적자"),"미산출") | M57: =IF(ISNUMBER(J57),IF(J57>0,E57/J57,"적자"),"미산출") | N57: =IF(원자료!O27="","미확인",원자료!O27) | O57: 9.1 | P57: 7.1 | Q57: 기존 / 원표 기준
A58: 66 | B58: 대덕전자 | C58: 353200 | D58: =원자료!I72 | E58: =D58*원자료!J72/100000000 | F58: =IF(원자료!T72="","미확인",원자료!T72) | G58: =IF(원자료!D72="","미확인",원자료!D72) | H58: =IF(AND(ISNUMBER(F58),ISNUMBER(G58)),IF(F58=0,IF(G58>0,"흑자전환",IF(G58=0,"손익분기","미확인")),IF(F58<0,IF(G58>0,"흑자전환",IF(G58=0,"손익분기","적자지속")),IF(G58<0,"적자전환",IF(G58=0,-1,G58/F58-1)))),"미확인") | I58: =IF(원자료!U72="","미확인",원자료!U72) | J58: =IF(원자료!E72="","미확인",원자료!E72) | K58: =IF(AND(ISNUMBER(I58),ISNUMBER(J58)),IF(I58=0,IF(J58>0,"흑자전환",IF(J58=0,"손익분기","미확인")),IF(I58<0,IF(J58>0,"흑자전환",IF(J58=0,"손익분기","적자지속")),IF(J58<0,"적자전환",IF(J58=0,-1,J58/I58-1)))),"미확인") | L58: =IF(ISNUMBER(G58),IF(G58>0,E58/G58,"적자"),"미산출") | M58: =IF(ISNUMBER(J58),IF(J58>0,E58/J58,"적자"),"미산출") | N58: =IF(원자료!O72="","미확인",원자료!O72) | O58: 21.8 | P58: 17.7 | Q58: 기존 / 원표 기준
A59: 16 | B59: 한솔아이원스 | C59: 114810 | D59: =원자료!I23 | E59: =D59*원자료!J23/100000000 | F59: =IF(원자료!T23="","미확인",원자료!T23) | G59: =IF(원자료!D23="","미확인",원자료!D23) | H59: =IF(AND(ISNUMBER(F59),ISNUMBER(G59)),IF(F59=0,IF(G59>0,"흑자전환",IF(G59=0,"손익분기","미확인")),IF(F59<0,IF(G59>0,"흑자전환",IF(G59=0,"손익분기","적자지속")),IF(G59<0,"적자전환",IF(G59=0,-1,G59/F59-1)))),"미확인") | I59: =IF(원자료!U23="","미확인",원자료!U23) | J59: =IF(원자료!E23="","미확인",원자료!E23) | K59: =IF(AND(ISNUMBER(I59),ISNUMBER(J59)),IF(I59=0,IF(J59>0,"흑자전환",IF(J59=0,"손익분기","미확인")),IF(I59<0,IF(J59>0,"흑자전환",IF(J59=0,"손익분기","적자지속")),IF(J59<0,"적자전환",IF(J59=0,-1,J59/I59-1)))),"미확인") | L59: =IF(ISNUMBER(G59),IF(G59>0,E59/G59,"적자"),"미산출") | M59: =IF(ISNUMBER(J59),IF(J59>0,E59/J59,"적자"),"미산출") | N59: =IF(원자료!O23="","미확인",원자료!O23) | O59: 8.7 | P59: 6.7 | Q59: 기존 / 원표 기준
A60: 68 | B60: 피에스케이홀딩스 | C60: 031980 | D60: =원자료!I71 | E60: =D60*원자료!J71/100000000 | F60: =IF(원자료!T71="","미확인",원자료!T71) | G60: =IF(원자료!D71="","미확인",원자료!D71) | H60: =IF(AND(ISNUMBER(F60),ISNUMBER(G60)),IF(F60=0,IF(G60>0,"흑자전환",IF(G60=0,"손익분기","미확인")),IF(F60<0,IF(G60>0,"흑자전환",IF(G60=0,"손익분기","적자지속")),IF(G60<0,"적자전환",IF(G60=0,-1,G60/F60-1)))),"미확인") | I60: =IF(원자료!U71="","미확인",원자료!U71) | J60: =IF(원자료!E71="","미확인",원자료!E71) | K60: =IF(AND(ISNUMBER(I60),ISNUMBER(J60)),IF(I60=0,IF(J60>0,"흑자전환",IF(J60=0,"손익분기","미확인")),IF(I60<0,IF(J60>0,"흑자전환",IF(J60=0,"손익분기","적자지속")),IF(J60<0,"적자전환",IF(J60=0,-1,J60/I60-1)))),"미확인") | L60: =IF(ISNUMBER(G60),IF(G60>0,E60/G60,"적자"),"미산출") | M60: =IF(ISNUMBER(J60),IF(J60>0,E60/J60,"적자"),"미산출") | N60: =IF(원자료!O71="","미확인",원자료!O71) | O60: 21.5 | P60: 26.2 | Q60: 기존 / 원표 기준
A61: 36 | B61: 네패스아크 | C61: 330860 | D61: =원자료!I52 | E61: =D61*원자료!J52/100000000 | F61: =IF(원자료!T52="","미확인",원자료!T52) | G61: =IF(원자료!D52="","미확인",원자료!D52) | H61: =IF(AND(ISNUMBER(F61),ISNUMBER(G61)),IF(F61=0,IF(G61>0,"흑자전환",IF(G61=0,"손익분기","미확인")),IF(F61<0,IF(G61>0,"흑자전환",IF(G61=0,"손익분기","적자지속")),IF(G61<0,"적자전환",IF(G61=0,-1,G61/F61-1)))),"미확인") | I61: =IF(원자료!U52="","미확인",원자료!U52) | J61: =IF(원자료!E52="","미확인",원자료!E52) | K61: =IF(AND(ISNUMBER(I61),ISNUMBER(J61)),IF(I61=0,IF(J61>0,"흑자전환",IF(J61=0,"손익분기","미확인")),IF(I61<0,IF(J61>0,"흑자전환",IF(J61=0,"손익분기","적자지속")),IF(J61<0,"적자전환",IF(J61=0,-1,J61/I61-1)))),"미확인") | L61: =IF(ISNUMBER(G61),IF(G61>0,E61/G61,"적자"),"미산출") | M61: =IF(ISNUMBER(J61),IF(J61>0,E61/J61,"적자"),"미산출") | N61: =IF(원자료!O52="","미확인",원자료!O52) | O61: 14.3 | P61: 10.3 | Q61: 기존 / 원표 기준
A62: 17 | B62: 유니셈 | C62: 036200 | D62: =원자료!I24 | E62: =D62*원자료!J24/100000000 | F62: =IF(원자료!T24="","미확인",원자료!T24) | G62: =IF(원자료!D24="","미확인",원자료!D24) | H62: =IF(AND(ISNUMBER(F62),ISNUMBER(G62)),IF(F62=0,IF(G62>0,"흑자전환",IF(G62=0,"손익분기","미확인")),IF(F62<0,IF(G62>0,"흑자전환",IF(G62=0,"손익분기","적자지속")),IF(G62<0,"적자전환",IF(G62=0,-1,G62/F62-1)))),"미확인") | I62: =IF(원자료!U24="","미확인",원자료!U24) | J62: =IF(원자료!E24="","미확인",원자료!E24) | K62: =IF(AND(ISNUMBER(I62),ISNUMBER(J62)),IF(I62=0,IF(J62>0,"흑자전환",IF(J62=0,"손익분기","미확인")),IF(I62<0,IF(J62>0,"흑자전환",IF(J62=0,"손익분기","적자지속")),IF(J62<0,"적자전환",IF(J62=0,-1,J62/I62-1)))),"미확인") | L62: =IF(ISNUMBER(G62),IF(G62>0,E62/G62,"적자"),"미산출") | M62: =IF(ISNUMBER(J62),IF(J62>0,E62/J62,"적자"),"미산출") | N62: =IF(원자료!O24="","미확인",원자료!O24) | O62: 8.8 | P62: 7.8 | Q62: 기존 / 원표 기준
A63: 38 | B63: 덕산하이메탈 | C63: 077360 | D63: =원자료!I50 | E63: =D63*원자료!J50/100000000 | F63: =IF(원자료!T50="","미확인",원자료!T50) | G63: =IF(원자료!D50="","미확인",원자료!D50) | H63: =IF(AND(ISNUMBER(F63),ISNUMBER(G63)),IF(F63=0,IF(G63>0,"흑자전환",IF(G63=0,"손익분기","미확인")),IF(F63<0,IF(G63>0,"흑자전환",IF(G63=0,"손익분기","적자지속")),IF(G63<0,"적자전환",IF(G63=0,-1,G63/F63-1)))),"미확인") | I63: =IF(원자료!U50="","미확인",원자료!U50) | J63: =IF(원자료!E50="","미확인",원자료!E50) | K63: =IF(AND(ISNUMBER(I63),ISNUMBER(J63)),IF(I63=0,IF(J63>0,"흑자전환",IF(J63=0,"손익분기","미확인")),IF(I63<0,IF(J63>0,"흑자전환",IF(J63=0,"손익분기","적자지속")),IF(J63<0,"적자전환",IF(J63=0,-1,J63/I63-1)))),"미확인") | L63: =IF(ISNUMBER(G63),IF(G63>0,E63/G63,"적자"),"미산출") | M63: =IF(ISNUMBER(J63),IF(J63>0,E63/J63,"적자"),"미산출") | N63: =IF(원자료!O50="","미확인",원자료!O50) | O63: 14 | P63: 10.5 | Q63: 기존 / 원표 기준
A64: 31 | B64: 하나머티리얼즈 | C64: 166090 | D64: =원자료!I39 | E64: =D64*원자료!J39/100000000 | F64: =IF(원자료!T39="","미확인",원자료!T39) | G64: =IF(원자료!D39="","미확인",원자료!D39) | H64: =IF(AND(ISNUMBER(F64),ISNUMBER(G64)),IF(F64=0,IF(G64>0,"흑자전환",IF(G64=0,"손익분기","미확인")),IF(F64<0,IF(G64>0,"흑자전환",IF(G64=0,"손익분기","적자지속")),IF(G64<0,"적자전환",IF(G64=0,-1,G64/F64-1)))),"미확인") | I64: =IF(원자료!U39="","미확인",원자료!U39) | J64: =IF(원자료!E39="","미확인",원자료!E39) | K64: =IF(AND(ISNUMBER(I64),ISNUMBER(J64)),IF(I64=0,IF(J64>0,"흑자전환",IF(J64=0,"손익분기","미확인")),IF(I64<0,IF(J64>0,"흑자전환",IF(J64=0,"손익분기","적자지속")),IF(J64<0,"적자전환",IF(J64=0,-1,J64/I64-1)))),"미확인") | L64: =IF(ISNUMBER(G64),IF(G64>0,E64/G64,"적자"),"미산출") | M64: =IF(ISNUMBER(J64),IF(J64>0,E64/J64,"적자"),"미산출") | N64: =IF(원자료!O39="","미확인",원자료!O39) | O64: 12.6 | P64: 9.6 | Q64: 기존 / 원표 기준
A65: 80 | B65: ISC | C65: 095340 | D65: =원자료!I87 | E65: =D65*원자료!J87/100000000 | F65: =IF(원자료!T87="","미확인",원자료!T87) | G65: =IF(원자료!D87="","미확인",원자료!D87) | H65: =IF(AND(ISNUMBER(F65),ISNUMBER(G65)),IF(F65=0,IF(G65>0,"흑자전환",IF(G65=0,"손익분기","미확인")),IF(F65<0,IF(G65>0,"흑자전환",IF(G65=0,"손익분기","적자지속")),IF(G65<0,"적자전환",IF(G65=0,-1,G65/F65-1)))),"미확인") | I65: =IF(원자료!U87="","미확인",원자료!U87) | J65: =IF(원자료!E87="","미확인",원자료!E87) | K65: =IF(AND(ISNUMBER(I65),ISNUMBER(J65)),IF(I65=0,IF(J65>0,"흑자전환",IF(J65=0,"손익분기","미확인")),IF(I65<0,IF(J65>0,"흑자전환",IF(J65=0,"손익분기","적자지속")),IF(J65<0,"적자전환",IF(J65=0,-1,J65/I65-1)))),"미확인") | L65: =IF(ISNUMBER(G65),IF(G65>0,E65/G65,"적자"),"미산출") | M65: =IF(ISNUMBER(J65),IF(J65>0,E65/J65,"적자"),"미산출") | N65: =IF(원자료!O87="","미확인",원자료!O87) | O65: 33.6 | P65: 28.4 | Q65: 기존 / 원표 기준
A66: 61 | B66: 코미코 | C66: 183300 | D66: =원자료!I74 | E66: =D66*원자료!J74/100000000 | F66: =IF(원자료!T74="","미확인",원자료!T74) | G66: =IF(원자료!D74="","미확인",원자료!D74) | H66: =IF(AND(ISNUMBER(F66),ISNUMBER(G66)),IF(F66=0,IF(G66>0,"흑자전환",IF(G66=0,"손익분기","미확인")),IF(F66<0,IF(G66>0,"흑자전환",IF(G66=0,"손익분기","적자지속")),IF(G66<0,"적자전환",IF(G66=0,-1,G66/F66-1)))),"미확인") | I66: =IF(원자료!U74="","미확인",원자료!U74) | J66: =IF(원자료!E74="","미확인",원자료!E74) | K66: =IF(AND(ISNUMBER(I66),ISNUMBER(J66)),IF(I66=0,IF(J66>0,"흑자전환",IF(J66=0,"손익분기","미확인")),IF(I66<0,IF(J66>0,"흑자전환",IF(J66=0,"손익분기","적자지속")),IF(J66<0,"적자전환",IF(J66=0,-1,J66/I66-1)))),"미확인") | L66: =IF(ISNUMBER(G66),IF(G66>0,E66/G66,"적자"),"미산출") | M66: =IF(ISNUMBER(J66),IF(J66>0,E66/J66,"적자"),"미산출") | N66: =IF(원자료!O74="","미확인",원자료!O74) | O66: 22.8 | P66: 10.1 | Q66: 기존 / †
A67: 13 | B67: 이엔에프테크놀로지 | C67: 102710 | D67: =원자료!I20 | E67: =D67*원자료!J20/100000000 | F67: =IF(원자료!T20="","미확인",원자료!T20) | G67: =IF(원자료!D20="","미확인",원자료!D20) | H67: =IF(AND(ISNUMBER(F67),ISNUMBER(G67)),IF(F67=0,IF(G67>0,"흑자전환",IF(G67=0,"손익분기","미확인")),IF(F67<0,IF(G67>0,"흑자전환",IF(G67=0,"손익분기","적자지속")),IF(G67<0,"적자전환",IF(G67=0,-1,G67/F67-1)))),"미확인") | I67: =IF(원자료!U20="","미확인",원자료!U20) | J67: =IF(원자료!E20="","미확인",원자료!E20) | K67: =IF(AND(ISNUMBER(I67),ISNUMBER(J67)),IF(I67=0,IF(J67>0,"흑자전환",IF(J67=0,"손익분기","미확인")),IF(I67<0,IF(J67>0,"흑자전환",IF(J67=0,"손익분기","적자지속")),IF(J67<0,"적자전환",IF(J67=0,-1,J67/I67-1)))),"미확인") | L67: =IF(ISNUMBER(G67),IF(G67>0,E67/G67,"적자"),"미산출") | M67: =IF(ISNUMBER(J67),IF(J67>0,E67/J67,"적자"),"미산출") | N67: =IF(원자료!O20="","미확인",원자료!O20) | O67: 8 | P67: 5.7 | Q67: 기존 / 원표 기준
A68: 82 | B68: 파크시스템스 | C68: 140860 | D68: =원자료!I88 | E68: =D68*원자료!J88/100000000 | F68: =IF(원자료!T88="","미확인",원자료!T88) | G68: =IF(원자료!D88="","미확인",원자료!D88) | H68: =IF(AND(ISNUMBER(F68),ISNUMBER(G68)),IF(F68=0,IF(G68>0,"흑자전환",IF(G68=0,"손익분기","미확인")),IF(F68<0,IF(G68>0,"흑자전환",IF(G68=0,"손익분기","적자지속")),IF(G68<0,"적자전환",IF(G68=0,-1,G68/F68-1)))),"미확인") | I68: =IF(원자료!U88="","미확인",원자료!U88) | J68: =IF(원자료!E88="","미확인",원자료!E88) | K68: =IF(AND(ISNUMBER(I68),ISNUMBER(J68)),IF(I68=0,IF(J68>0,"흑자전환",IF(J68=0,"손익분기","미확인")),IF(I68<0,IF(J68>0,"흑자전환",IF(J68=0,"손익분기","적자지속")),IF(J68<0,"적자전환",IF(J68=0,-1,J68/I68-1)))),"미확인") | L68: =IF(ISNUMBER(G68),IF(G68>0,E68/G68,"적자"),"미산출") | M68: =IF(ISNUMBER(J68),IF(J68>0,E68/J68,"적자"),"미산출") | N68: =IF(원자료!O88="","미확인",원자료!O88) | O68: 34 | P68: 30.2 | Q68: 기존 / 원표 기준
A69: 58 | B69: 네오셈 | C69: 253590 | D69: =원자료!I66 | E69: =D69*원자료!J66/100000000 | F69: =IF(원자료!T66="","미확인",원자료!T66) | G69: =IF(원자료!D66="","미확인",원자료!D66) | H69: =IF(AND(ISNUMBER(F69),ISNUMBER(G69)),IF(F69=0,IF(G69>0,"흑자전환",IF(G69=0,"손익분기","미확인")),IF(F69<0,IF(G69>0,"흑자전환",IF(G69=0,"손익분기","적자지속")),IF(G69<0,"적자전환",IF(G69=0,-1,G69/F69-1)))),"미확인") | I69: =IF(원자료!U66="","미확인",원자료!U66) | J69: =IF(원자료!E66="","미확인",원자료!E66) | K69: =IF(AND(ISNUMBER(I69),ISNUMBER(J69)),IF(I69=0,IF(J69>0,"흑자전환",IF(J69=0,"손익분기","미확인")),IF(I69<0,IF(J69>0,"흑자전환",IF(J69=0,"손익분기","적자지속")),IF(J69<0,"적자전환",IF(J69=0,-1,J69/I69-1)))),"미확인") | L69: =IF(ISNUMBER(G69),IF(G69>0,E69/G69,"적자"),"미산출") | M69: =IF(ISNUMBER(J69),IF(J69>0,E69/J69,"적자"),"미산출") | N69: =IF(원자료!O66="","미확인",원자료!O66) | O69: 20.4 | P69: 17.7 | Q69: 기존 / †
A70: 67 | B70: 샘씨엔에스 | C70: 252990 | D70: =원자료!I73 | E70: =D70*원자료!J73/100000000 | F70: =IF(원자료!T73="","미확인",원자료!T73) | G70: =IF(원자료!D73="","미확인",원자료!D73) | H70: =IF(AND(ISNUMBER(F70),ISNUMBER(G70)),IF(F70=0,IF(G70>0,"흑자전환",IF(G70=0,"손익분기","미확인")),IF(F70<0,IF(G70>0,"흑자전환",IF(G70=0,"손익분기","적자지속")),IF(G70<0,"적자전환",IF(G70=0,-1,G70/F70-1)))),"미확인") | I70: =IF(원자료!U73="","미확인",원자료!U73) | J70: =IF(원자료!E73="","미확인",원자료!E73) | K70: =IF(AND(ISNUMBER(I70),ISNUMBER(J70)),IF(I70=0,IF(J70>0,"흑자전환",IF(J70=0,"손익분기","미확인")),IF(I70<0,IF(J70>0,"흑자전환",IF(J70=0,"손익분기","적자지속")),IF(J70<0,"적자전환",IF(J70=0,-1,J70/I70-1)))),"미확인") | L70: =IF(ISNUMBER(G70),IF(G70>0,E70/G70,"적자"),"미산출") | M70: =IF(ISNUMBER(J70),IF(J70>0,E70/J70,"적자"),"미산출") | N70: =IF(원자료!O73="","미확인",원자료!O73) | O70: 22.7 | P70: 22.8 | Q70: 기존 / 원표 기준
A71: 79 | B71: 와이씨 | C71: 232140 | D71: =원자료!I86 | E71: =D71*원자료!J86/100000000 | F71: =IF(원자료!T86="","미확인",원자료!T86) | G71: =IF(원자료!D86="","미확인",원자료!D86) | H71: =IF(AND(ISNUMBER(F71),ISNUMBER(G71)),IF(F71=0,IF(G71>0,"흑자전환",IF(G71=0,"손익분기","미확인")),IF(F71<0,IF(G71>0,"흑자전환",IF(G71=0,"손익분기","적자지속")),IF(G71<0,"적자전환",IF(G71=0,-1,G71/F71-1)))),"미확인") | I71: =IF(원자료!U86="","미확인",원자료!U86) | J71: =IF(원자료!E86="","미확인",원자료!E86) | K71: =IF(AND(ISNUMBER(I71),ISNUMBER(J71)),IF(I71=0,IF(J71>0,"흑자전환",IF(J71=0,"손익분기","미확인")),IF(I71<0,IF(J71>0,"흑자전환",IF(J71=0,"손익분기","적자지속")),IF(J71<0,"적자전환",IF(J71=0,-1,J71/I71-1)))),"미확인") | L71: =IF(ISNUMBER(G71),IF(G71>0,E71/G71,"적자"),"미산출") | M71: =IF(ISNUMBER(J71),IF(J71>0,E71/J71,"적자"),"미산출") | N71: =IF(원자료!O86="","미확인",원자료!O86) | O71: 31 | P71: 19.2 | Q71: 기존 / †
A72: 9 | B72: 원익머트리얼즈 | C72: 104830 | D72: =원자료!I16 | E72: =D72*원자료!J16/100000000 | F72: =IF(원자료!T16="","미확인",원자료!T16) | G72: =IF(원자료!D16="","미확인",원자료!D16) | H72: =IF(AND(ISNUMBER(F72),ISNUMBER(G72)),IF(F72=0,IF(G72>0,"흑자전환",IF(G72=0,"손익분기","미확인")),IF(F72<0,IF(G72>0,"흑자전환",IF(G72=0,"손익분기","적자지속")),IF(G72<0,"적자전환",IF(G72=0,-1,G72/F72-1)))),"미확인") | I72: =IF(원자료!U16="","미확인",원자료!U16) | J72: =IF(원자료!E16="","미확인",원자료!E16) | K72: =IF(AND(ISNUMBER(I72),ISNUMBER(J72)),IF(I72=0,IF(J72>0,"흑자전환",IF(J72=0,"손익분기","미확인")),IF(I72<0,IF(J72>0,"흑자전환",IF(J72=0,"손익분기","적자지속")),IF(J72<0,"적자전환",IF(J72=0,-1,J72/I72-1)))),"미확인") | L72: =IF(ISNUMBER(G72),IF(G72>0,E72/G72,"적자"),"미산출") | M72: =IF(ISNUMBER(J72),IF(J72>0,E72/J72,"적자"),"미산출") | N72: =IF(원자료!O16="","미확인",원자료!O16) | O72: 6.6 | P72: 5.5 | Q72: 기존 / 원표 기준
A73: 64 | B73: 티씨케이 | C73: 064760 | D73: =원자료!I76 | E73: =D73*원자료!J76/100000000 | F73: =IF(원자료!T76="","미확인",원자료!T76) | G73: =IF(원자료!D76="","미확인",원자료!D76) | H73: =IF(AND(ISNUMBER(F73),ISNUMBER(G73)),IF(F73=0,IF(G73>0,"흑자전환",IF(G73=0,"손익분기","미확인")),IF(F73<0,IF(G73>0,"흑자전환",IF(G73=0,"손익분기","적자지속")),IF(G73<0,"적자전환",IF(G73=0,-1,G73/F73-1)))),"미확인") | I73: =IF(원자료!U76="","미확인",원자료!U76) | J73: =IF(원자료!E76="","미확인",원자료!E76) | K73: =IF(AND(ISNUMBER(I73),ISNUMBER(J73)),IF(I73=0,IF(J73>0,"흑자전환",IF(J73=0,"손익분기","미확인")),IF(I73<0,IF(J73>0,"흑자전환",IF(J73=0,"손익분기","적자지속")),IF(J73<0,"적자전환",IF(J73=0,-1,J73/I73-1)))),"미확인") | L73: =IF(ISNUMBER(G73),IF(G73>0,E73/G73,"적자"),"미산출") | M73: =IF(ISNUMBER(J73),IF(J73>0,E73/J73,"적자"),"미산출") | N73: =IF(원자료!O76="","미확인",원자료!O76) | O73: 23.3 | P73: 19.3 | Q73: 기존 / 원표 기준
A74: 54 | B74: 티에스이 | C74: 131290 | D74: =원자료!I61 | E74: =D74*원자료!J61/100000000 | F74: =IF(원자료!T61="","미확인",원자료!T61) | G74: =IF(원자료!D61="","미확인",원자료!D61) | H74: =IF(AND(ISNUMBER(F74),ISNUMBER(G74)),IF(F74=0,IF(G74>0,"흑자전환",IF(G74=0,"손익분기","미확인")),IF(F74<0,IF(G74>0,"흑자전환",IF(G74=0,"손익분기","적자지속")),IF(G74<0,"적자전환",IF(G74=0,-1,G74/F74-1)))),"미확인") | I74: =IF(원자료!U61="","미확인",원자료!U61) | J74: =IF(원자료!E61="","미확인",원자료!E61) | K74: =IF(AND(ISNUMBER(I74),ISNUMBER(J74)),IF(I74=0,IF(J74>0,"흑자전환",IF(J74=0,"손익분기","미확인")),IF(I74<0,IF(J74>0,"흑자전환",IF(J74=0,"손익분기","적자지속")),IF(J74<0,"적자전환",IF(J74=0,-1,J74/I74-1)))),"미확인") | L74: =IF(ISNUMBER(G74),IF(G74>0,E74/G74,"적자"),"미산출") | M74: =IF(ISNUMBER(J74),IF(J74>0,E74/J74,"적자"),"미산출") | N74: =IF(원자료!O61="","미확인",원자료!O61) | O74: 18.2 | P74: 13.8 | Q74: 기존 / †
A75: 42 | B75: 솔브레인 | C75: 357780 | D75: =원자료!I51 | E75: =D75*원자료!J51/100000000 | F75: =IF(원자료!T51="","미확인",원자료!T51) | G75: =IF(원자료!D51="","미확인",원자료!D51) | H75: =IF(AND(ISNUMBER(F75),ISNUMBER(G75)),IF(F75=0,IF(G75>0,"흑자전환",IF(G75=0,"손익분기","미확인")),IF(F75<0,IF(G75>0,"흑자전환",IF(G75=0,"손익분기","적자지속")),IF(G75<0,"적자전환",IF(G75=0,-1,G75/F75-1)))),"미확인") | I75: =IF(원자료!U51="","미확인",원자료!U51) | J75: =IF(원자료!E51="","미확인",원자료!E51) | K75: =IF(AND(ISNUMBER(I75),ISNUMBER(J75)),IF(I75=0,IF(J75>0,"흑자전환",IF(J75=0,"손익분기","미확인")),IF(I75<0,IF(J75>0,"흑자전환",IF(J75=0,"손익분기","적자지속")),IF(J75<0,"적자전환",IF(J75=0,-1,J75/I75-1)))),"미확인") | L75: =IF(ISNUMBER(G75),IF(G75>0,E75/G75,"적자"),"미산출") | M75: =IF(ISNUMBER(J75),IF(J75>0,E75/J75,"적자"),"미산출") | N75: =IF(원자료!O51="","미확인",원자료!O51) | O75: 14.1 | P75: 11.2 | Q75: 기존 / 원표 기준
A76: 2 | B76: SK하이닉스 | C76: 000660 | D76: =원자료!I11 | E76: =D76*원자료!J11/100000000 | F76: =IF(원자료!T11="","미확인",원자료!T11) | G76: =IF(원자료!D11="","미확인",원자료!D11) | H76: =IF(AND(ISNUMBER(F76),ISNUMBER(G76)),IF(F76=0,IF(G76>0,"흑자전환",IF(G76=0,"손익분기","미확인")),IF(F76<0,IF(G76>0,"흑자전환",IF(G76=0,"손익분기","적자지속")),IF(G76<0,"적자전환",IF(G76=0,-1,G76/F76-1)))),"미확인") | I76: =IF(원자료!U11="","미확인",원자료!U11) | J76: =IF(원자료!E11="","미확인",원자료!E11) | K76: =IF(AND(ISNUMBER(I76),ISNUMBER(J76)),IF(I76=0,IF(J76>0,"흑자전환",IF(J76=0,"손익분기","미확인")),IF(I76<0,IF(J76>0,"흑자전환",IF(J76=0,"손익분기","적자지속")),IF(J76<0,"적자전환",IF(J76=0,-1,J76/I76-1)))),"미확인") | L76: =IF(ISNUMBER(G76),IF(G76>0,E76/G76,"적자"),"미산출") | M76: =IF(ISNUMBER(J76),IF(J76>0,E76/J76,"적자"),"미산출") | N76: =IF(원자료!O11="","미확인",원자료!O11) | O76: 3.6 | P76: 2.9 | Q76: 기존 / 원표 기준
A77: 63 | B77: 테스 | C77: 095610 | D77: =원자료!I75 | E77: =D77*원자료!J75/100000000 | F77: =IF(원자료!T75="","미확인",원자료!T75) | G77: =IF(원자료!D75="","미확인",원자료!D75) | H77: =IF(AND(ISNUMBER(F77),ISNUMBER(G77)),IF(F77=0,IF(G77>0,"흑자전환",IF(G77=0,"손익분기","미확인")),IF(F77<0,IF(G77>0,"흑자전환",IF(G77=0,"손익분기","적자지속")),IF(G77<0,"적자전환",IF(G77=0,-1,G77/F77-1)))),"미확인") | I77: =IF(원자료!U75="","미확인",원자료!U75) | J77: =IF(원자료!E75="","미확인",원자료!E75) | K77: =IF(AND(ISNUMBER(I77),ISNUMBER(J77)),IF(I77=0,IF(J77>0,"흑자전환",IF(J77=0,"손익분기","미확인")),IF(I77<0,IF(J77>0,"흑자전환",IF(J77=0,"손익분기","적자지속")),IF(J77<0,"적자전환",IF(J77=0,-1,J77/I77-1)))),"미확인") | L77: =IF(ISNUMBER(G77),IF(G77>0,E77/G77,"적자"),"미산출") | M77: =IF(ISNUMBER(J77),IF(J77>0,E77/J77,"적자"),"미산출") | N77: =IF(원자료!O75="","미확인",원자료!O75) | O77: 23.3 | P77: 22.2 | Q77: 기존 / 원표 기준
A78: 11 | B78: 싸이맥스 | C78: 160980 | D78: =원자료!I22 | E78: =D78*원자료!J22/100000000 | F78: =IF(원자료!T22="","미확인",원자료!T22) | G78: =IF(원자료!D22="","미확인",원자료!D22) | H78: =IF(AND(ISNUMBER(F78),ISNUMBER(G78)),IF(F78=0,IF(G78>0,"흑자전환",IF(G78=0,"손익분기","미확인")),IF(F78<0,IF(G78>0,"흑자전환",IF(G78=0,"손익분기","적자지속")),IF(G78<0,"적자전환",IF(G78=0,-1,G78/F78-1)))),"미확인") | I78: =IF(원자료!U22="","미확인",원자료!U22) | J78: =IF(원자료!E22="","미확인",원자료!E22) | K78: =IF(AND(ISNUMBER(I78),ISNUMBER(J78)),IF(I78=0,IF(J78>0,"흑자전환",IF(J78=0,"손익분기","미확인")),IF(I78<0,IF(J78>0,"흑자전환",IF(J78=0,"손익분기","적자지속")),IF(J78<0,"적자전환",IF(J78=0,-1,J78/I78-1)))),"미확인") | L78: =IF(ISNUMBER(G78),IF(G78>0,E78/G78,"적자"),"미산출") | M78: =IF(ISNUMBER(J78),IF(J78>0,E78/J78,"적자"),"미산출") | N78: =IF(원자료!O22="","미확인",원자료!O22) | O78: 8.1 | P78: 6.4 | Q78: 기존 / 원표 기준
A79: 27 | B79: 삼양엔씨켐 | C79: 482630 | D79: =원자료!I33 | E79: =D79*원자료!J33/100000000 | F79: =IF(원자료!T33="","미확인",원자료!T33) | G79: =IF(원자료!D33="","미확인",원자료!D33) | H79: =IF(AND(ISNUMBER(F79),ISNUMBER(G79)),IF(F79=0,IF(G79>0,"흑자전환",IF(G79=0,"손익분기","미확인")),IF(F79<0,IF(G79>0,"흑자전환",IF(G79=0,"손익분기","적자지속")),IF(G79<0,"적자전환",IF(G79=0,-1,G79/F79-1)))),"미확인") | I79: =IF(원자료!U33="","미확인",원자료!U33) | J79: =IF(원자료!E33="","미확인",원자료!E33) | K79: =IF(AND(ISNUMBER(I79),ISNUMBER(J79)),IF(I79=0,IF(J79>0,"흑자전환",IF(J79=0,"손익분기","미확인")),IF(I79<0,IF(J79>0,"흑자전환",IF(J79=0,"손익분기","적자지속")),IF(J79<0,"적자전환",IF(J79=0,-1,J79/I79-1)))),"미확인") | L79: =IF(ISNUMBER(G79),IF(G79>0,E79/G79,"적자"),"미산출") | M79: =IF(ISNUMBER(J79),IF(J79>0,E79/J79,"적자"),"미산출") | N79: =IF(원자료!O33="","미확인",원자료!O33) | O79: 10.7 | P79: 9.9 | Q79: 기존 / 원표 기준
A80: 20 | B80: 원익QnC | C80: 074600 | D80: =원자료!I30 | E80: =D80*원자료!J30/100000000 | F80: =IF(원자료!T30="","미확인",원자료!T30) | G80: =IF(원자료!D30="","미확인",원자료!D30) | H80: =IF(AND(ISNUMBER(F80),ISNUMBER(G80)),IF(F80=0,IF(G80>0,"흑자전환",IF(G80=0,"손익분기","미확인")),IF(F80<0,IF(G80>0,"흑자전환",IF(G80=0,"손익분기","적자지속")),IF(G80<0,"적자전환",IF(G80=0,-1,G80/F80-1)))),"미확인") | I80: =IF(원자료!U30="","미확인",원자료!U30) | J80: =IF(원자료!E30="","미확인",원자료!E30) | K80: =IF(AND(ISNUMBER(I80),ISNUMBER(J80)),IF(I80=0,IF(J80>0,"흑자전환",IF(J80=0,"손익분기","미확인")),IF(I80<0,IF(J80>0,"흑자전환",IF(J80=0,"손익분기","적자지속")),IF(J80<0,"적자전환",IF(J80=0,-1,J80/I80-1)))),"미확인") | L80: =IF(ISNUMBER(G80),IF(G80>0,E80/G80,"적자"),"미산출") | M80: =IF(ISNUMBER(J80),IF(J80>0,E80/J80,"적자"),"미산출") | N80: =IF(원자료!O30="","미확인",원자료!O30) | O80: 9.6 | P80: 5.7 | Q80: 기존 / †
A81: 34 | B81: GST | C81: 083450 | D81: =원자료!I44 | E81: =D81*원자료!J44/100000000 | F81: =IF(원자료!T44="","미확인",원자료!T44) | G81: =IF(원자료!D44="","미확인",원자료!D44) | H81: =IF(AND(ISNUMBER(F81),ISNUMBER(G81)),IF(F81=0,IF(G81>0,"흑자전환",IF(G81=0,"손익분기","미확인")),IF(F81<0,IF(G81>0,"흑자전환",IF(G81=0,"손익분기","적자지속")),IF(G81<0,"적자전환",IF(G81=0,-1,G81/F81-1)))),"미확인") | I81: =IF(원자료!U44="","미확인",원자료!U44) | J81: =IF(원자료!E44="","미확인",원자료!E44) | K81: =IF(AND(ISNUMBER(I81),ISNUMBER(J81)),IF(I81=0,IF(J81>0,"흑자전환",IF(J81=0,"손익분기","미확인")),IF(I81<0,IF(J81>0,"흑자전환",IF(J81=0,"손익분기","적자지속")),IF(J81<0,"적자전환",IF(J81=0,-1,J81/I81-1)))),"미확인") | L81: =IF(ISNUMBER(G81),IF(G81>0,E81/G81,"적자"),"미산출") | M81: =IF(ISNUMBER(J81),IF(J81>0,E81/J81,"적자"),"미산출") | N81: =IF(원자료!O44="","미확인",원자료!O44) | O81: 13.1 | P81: 10.8 | Q81: 기존 / 원표 기준
A82: 24 | B82: DB하이텍 | C82: 000990 | D82: =원자료!I35 | E82: =D82*원자료!J35/100000000 | F82: =IF(원자료!T35="","미확인",원자료!T35) | G82: =IF(원자료!D35="","미확인",원자료!D35) | H82: =IF(AND(ISNUMBER(F82),ISNUMBER(G82)),IF(F82=0,IF(G82>0,"흑자전환",IF(G82=0,"손익분기","미확인")),IF(F82<0,IF(G82>0,"흑자전환",IF(G82=0,"손익분기","적자지속")),IF(G82<0,"적자전환",IF(G82=0,-1,G82/F82-1)))),"미확인") | I82: =IF(원자료!U35="","미확인",원자료!U35) | J82: =IF(원자료!E35="","미확인",원자료!E35) | K82: =IF(AND(ISNUMBER(I82),ISNUMBER(J82)),IF(I82=0,IF(J82>0,"흑자전환",IF(J82=0,"손익분기","미확인")),IF(I82<0,IF(J82>0,"흑자전환",IF(J82=0,"손익분기","적자지속")),IF(J82<0,"적자전환",IF(J82=0,-1,J82/I82-1)))),"미확인") | L82: =IF(ISNUMBER(G82),IF(G82>0,E82/G82,"적자"),"미산출") | M82: =IF(ISNUMBER(J82),IF(J82>0,E82/J82,"적자"),"미산출") | N82: =IF(원자료!O35="","미확인",원자료!O35) | O82: 11.6 | P82: 10.4 | Q82: 기존 / 원표 기준
A83: 45 | B83: 한솔케미칼 | C83: 014680 | D83: =원자료!I48 | E83: =D83*원자료!J48/100000000 | F83: =IF(원자료!T48="","미확인",원자료!T48) | G83: =IF(원자료!D48="","미확인",원자료!D48) | H83: =IF(AND(ISNUMBER(F83),ISNUMBER(G83)),IF(F83=0,IF(G83>0,"흑자전환",IF(G83=0,"손익분기","미확인")),IF(F83<0,IF(G83>0,"흑자전환",IF(G83=0,"손익분기","적자지속")),IF(G83<0,"적자전환",IF(G83=0,-1,G83/F83-1)))),"미확인") | I83: =IF(원자료!U48="","미확인",원자료!U48) | J83: =IF(원자료!E48="","미확인",원자료!E48) | K83: =IF(AND(ISNUMBER(I83),ISNUMBER(J83)),IF(I83=0,IF(J83>0,"흑자전환",IF(J83=0,"손익분기","미확인")),IF(I83<0,IF(J83>0,"흑자전환",IF(J83=0,"손익분기","적자지속")),IF(J83<0,"적자전환",IF(J83=0,-1,J83/I83-1)))),"미확인") | L83: =IF(ISNUMBER(G83),IF(G83>0,E83/G83,"적자"),"미산출") | M83: =IF(ISNUMBER(J83),IF(J83>0,E83/J83,"적자"),"미산출") | N83: =IF(원자료!O48="","미확인",원자료!O48) | O83: 14 | P83: 12.5 | Q83: 기존 / 원표 기준
A84: 59 | B84: 피에스케이 | C84: 319660 | D84: =원자료!I68 | E84: =D84*원자료!J68/100000000 | F84: =IF(원자료!T68="","미확인",원자료!T68) | G84: =IF(원자료!D68="","미확인",원자료!D68) | H84: =IF(AND(ISNUMBER(F84),ISNUMBER(G84)),IF(F84=0,IF(G84>0,"흑자전환",IF(G84=0,"손익분기","미확인")),IF(F84<0,IF(G84>0,"흑자전환",IF(G84=0,"손익분기","적자지속")),IF(G84<0,"적자전환",IF(G84=0,-1,G84/F84-1)))),"미확인") | I84: =IF(원자료!U68="","미확인",원자료!U68) | J84: =IF(원자료!E68="","미확인",원자료!E68) | K84: =IF(AND(ISNUMBER(I84),ISNUMBER(J84)),IF(I84=0,IF(J84>0,"흑자전환",IF(J84=0,"손익분기","미확인")),IF(I84<0,IF(J84>0,"흑자전환",IF(J84=0,"손익분기","적자지속")),IF(J84<0,"적자전환",IF(J84=0,-1,J84/I84-1)))),"미확인") | L84: =IF(ISNUMBER(G84),IF(G84>0,E84/G84,"적자"),"미산출") | M84: =IF(ISNUMBER(J84),IF(J84>0,E84/J84,"적자"),"미산출") | N84: =IF(원자료!O68="","미확인",원자료!O68) | O84: 20.5 | P84: 17.4 | Q84: 기존 / 원표 기준
A85: 75 | B85: 리노공업 | C85: 058470 | D85: =원자료!I81 | E85: =D85*원자료!J81/100000000 | F85: =IF(원자료!T81="","미확인",원자료!T81) | G85: =IF(원자료!D81="","미확인",원자료!D81) | H85: =IF(AND(ISNUMBER(F85),ISNUMBER(G85)),IF(F85=0,IF(G85>0,"흑자전환",IF(G85=0,"손익분기","미확인")),IF(F85<0,IF(G85>0,"흑자전환",IF(G85=0,"손익분기","적자지속")),IF(G85<0,"적자전환",IF(G85=0,-1,G85/F85-1)))),"미확인") | I85: =IF(원자료!U81="","미확인",원자료!U81) | J85: =IF(원자료!E81="","미확인",원자료!E81) | K85: =IF(AND(ISNUMBER(I85),ISNUMBER(J85)),IF(I85=0,IF(J85>0,"흑자전환",IF(J85=0,"손익분기","미확인")),IF(I85<0,IF(J85>0,"흑자전환",IF(J85=0,"손익분기","적자지속")),IF(J85<0,"적자전환",IF(J85=0,-1,J85/I85-1)))),"미확인") | L85: =IF(ISNUMBER(G85),IF(G85>0,E85/G85,"적자"),"미산출") | M85: =IF(ISNUMBER(J85),IF(J85>0,E85/J85,"적자"),"미산출") | N85: =IF(원자료!O81="","미확인",원자료!O81) | O85: 26.9 | P85: 22.9 | Q85: 기존 / 원표 기준
A86: 72 | B86: 칩스앤미디어 | C86: 094360 | D86: =원자료!I77 | E86: =D86*원자료!J77/100000000 | F86: =IF(원자료!T77="","미확인",원자료!T77) | G86: =IF(원자료!D77="","미확인",원자료!D77) | H86: =IF(AND(ISNUMBER(F86),ISNUMBER(G86)),IF(F86=0,IF(G86>0,"흑자전환",IF(G86=0,"손익분기","미확인")),IF(F86<0,IF(G86>0,"흑자전환",IF(G86=0,"손익분기","적자지속")),IF(G86<0,"적자전환",IF(G86=0,-1,G86/F86-1)))),"미확인") | I86: =IF(원자료!U77="","미확인",원자료!U77) | J86: =IF(원자료!E77="","미확인",원자료!E77) | K86: =IF(AND(ISNUMBER(I86),ISNUMBER(J86)),IF(I86=0,IF(J86>0,"흑자전환",IF(J86=0,"손익분기","미확인")),IF(I86<0,IF(J86>0,"흑자전환",IF(J86=0,"손익분기","적자지속")),IF(J86<0,"적자전환",IF(J86=0,-1,J86/I86-1)))),"미확인") | L86: =IF(ISNUMBER(G86),IF(G86>0,E86/G86,"적자"),"미산출") | M86: =IF(ISNUMBER(J86),IF(J86>0,E86/J86,"적자"),"미산출") | N86: =IF(원자료!O77="","미확인",원자료!O77) | O86: 23.3 | P86: 27.7 | Q86: 기존 / 원표 기준
A87: 10 | B87: 지앤비에스 에코 | C87: 382800 | D87: =원자료!I18 | E87: =D87*원자료!J18/100000000 | F87: =IF(원자료!T18="","미확인",원자료!T18) | G87: =IF(원자료!D18="","미확인",원자료!D18) | H87: =IF(AND(ISNUMBER(F87),ISNUMBER(G87)),IF(F87=0,IF(G87>0,"흑자전환",IF(G87=0,"손익분기","미확인")),IF(F87<0,IF(G87>0,"흑자전환",IF(G87=0,"손익분기","적자지속")),IF(G87<0,"적자전환",IF(G87=0,-1,G87/F87-1)))),"미확인") | I87: =IF(원자료!U18="","미확인",원자료!U18) | J87: =IF(원자료!E18="","미확인",원자료!E18) | K87: =IF(AND(ISNUMBER(I87),ISNUMBER(J87)),IF(I87=0,IF(J87>0,"흑자전환",IF(J87=0,"손익분기","미확인")),IF(I87<0,IF(J87>0,"흑자전환",IF(J87=0,"손익분기","적자지속")),IF(J87<0,"적자전환",IF(J87=0,-1,J87/I87-1)))),"미확인") | L87: =IF(ISNUMBER(G87),IF(G87>0,E87/G87,"적자"),"미산출") | M87: =IF(ISNUMBER(J87),IF(J87>0,E87/J87,"적자"),"미산출") | N87: =IF(원자료!O18="","미확인",원자료!O18) | O87: 7.4 | P87: 6.4 | Q87: 기존 / 원표 기준
A88: 29 | B88: 뉴파워프라즈마 | C88: 144960 | D88: =원자료!I36 | E88: =D88*원자료!J36/100000000 | F88: =IF(원자료!T36="","미확인",원자료!T36) | G88: =IF(원자료!D36="","미확인",원자료!D36) | H88: =IF(AND(ISNUMBER(F88),ISNUMBER(G88)),IF(F88=0,IF(G88>0,"흑자전환",IF(G88=0,"손익분기","미확인")),IF(F88<0,IF(G88>0,"흑자전환",IF(G88=0,"손익분기","적자지속")),IF(G88<0,"적자전환",IF(G88=0,-1,G88/F88-1)))),"미확인") | I88: =IF(원자료!U36="","미확인",원자료!U36) | J88: =IF(원자료!E36="","미확인",원자료!E36) | K88: =IF(AND(ISNUMBER(I88),ISNUMBER(J88)),IF(I88=0,IF(J88>0,"흑자전환",IF(J88=0,"손익분기","미확인")),IF(I88<0,IF(J88>0,"흑자전환",IF(J88=0,"손익분기","적자지속")),IF(J88<0,"적자전환",IF(J88=0,-1,J88/I88-1)))),"미확인") | L88: =IF(ISNUMBER(G88),IF(G88>0,E88/G88,"적자"),"미산출") | M88: =IF(ISNUMBER(J88),IF(J88>0,E88/J88,"적자"),"미산출") | N88: =IF(원자료!O36="","미확인",원자료!O36) | O88: 12.2 | P88: 7.3 | Q88: 기존 / †
A89: 5 | B89: 케이씨 | C89: 029460 | D89: =원자료!I14 | E89: =D89*원자료!J14/100000000 | F89: =IF(원자료!T14="","미확인",원자료!T14) | G89: =IF(원자료!D14="","미확인",원자료!D14) | H89: =IF(AND(ISNUMBER(F89),ISNUMBER(G89)),IF(F89=0,IF(G89>0,"흑자전환",IF(G89=0,"손익분기","미확인")),IF(F89<0,IF(G89>0,"흑자전환",IF(G89=0,"손익분기","적자지속")),IF(G89<0,"적자전환",IF(G89=0,-1,G89/F89-1)))),"미확인") | I89: =IF(원자료!U14="","미확인",원자료!U14) | J89: =IF(원자료!E14="","미확인",원자료!E14) | K89: =IF(AND(ISNUMBER(I89),ISNUMBER(J89)),IF(I89=0,IF(J89>0,"흑자전환",IF(J89=0,"손익분기","미확인")),IF(I89<0,IF(J89>0,"흑자전환",IF(J89=0,"손익분기","적자지속")),IF(J89<0,"적자전환",IF(J89=0,-1,J89/I89-1)))),"미확인") | L89: =IF(ISNUMBER(G89),IF(G89>0,E89/G89,"적자"),"미산출") | M89: =IF(ISNUMBER(J89),IF(J89>0,E89/J89,"적자"),"미산출") | N89: =IF(원자료!O14="","미확인",원자료!O14) | O89: 6 | P89: 5.1 | Q89: 기존 / 원표 기준
A90: 18 | B90: 신성이엔지 | C90: 011930 | D90: =원자료!I26 | E90: =D90*원자료!J26/100000000 | F90: =IF(원자료!T26="","미확인",원자료!T26) | G90: =IF(원자료!D26="","미확인",원자료!D26) | H90: =IF(AND(ISNUMBER(F90),ISNUMBER(G90)),IF(F90=0,IF(G90>0,"흑자전환",IF(G90=0,"손익분기","미확인")),IF(F90<0,IF(G90>0,"흑자전환",IF(G90=0,"손익분기","적자지속")),IF(G90<0,"적자전환",IF(G90=0,-1,G90/F90-1)))),"미확인") | I90: =IF(원자료!U26="","미확인",원자료!U26) | J90: =IF(원자료!E26="","미확인",원자료!E26) | K90: =IF(AND(ISNUMBER(I90),ISNUMBER(J90)),IF(I90=0,IF(J90>0,"흑자전환",IF(J90=0,"손익분기","미확인")),IF(I90<0,IF(J90>0,"흑자전환",IF(J90=0,"손익분기","적자지속")),IF(J90<0,"적자전환",IF(J90=0,-1,J90/I90-1)))),"미확인") | L90: =IF(ISNUMBER(G90),IF(G90>0,E90/G90,"적자"),"미산출") | M90: =IF(ISNUMBER(J90),IF(J90>0,E90/J90,"적자"),"미산출") | N90: =IF(원자료!O26="","미확인",원자료!O26) | O90: 8.9 | P90: 13.7 | Q90: 기존 / †
A91: 84 | B91: 고영 | C91: 098460 | D91: =원자료!I90 | E91: =D91*원자료!J90/100000000 | F91: =IF(원자료!T90="","미확인",원자료!T90) | G91: =IF(원자료!D90="","미확인",원자료!D90) | H91: =IF(AND(ISNUMBER(F91),ISNUMBER(G91)),IF(F91=0,IF(G91>0,"흑자전환",IF(G91=0,"손익분기","미확인")),IF(F91<0,IF(G91>0,"흑자전환",IF(G91=0,"손익분기","적자지속")),IF(G91<0,"적자전환",IF(G91=0,-1,G91/F91-1)))),"미확인") | I91: =IF(원자료!U90="","미확인",원자료!U90) | J91: =IF(원자료!E90="","미확인",원자료!E90) | K91: =IF(AND(ISNUMBER(I91),ISNUMBER(J91)),IF(I91=0,IF(J91>0,"흑자전환",IF(J91=0,"손익분기","미확인")),IF(I91<0,IF(J91>0,"흑자전환",IF(J91=0,"손익분기","적자지속")),IF(J91<0,"적자전환",IF(J91=0,-1,J91/I91-1)))),"미확인") | L91: =IF(ISNUMBER(G91),IF(G91>0,E91/G91,"적자"),"미산출") | M91: =IF(ISNUMBER(J91),IF(J91>0,E91/J91,"적자"),"미산출") | N91: =IF(원자료!O90="","미확인",원자료!O90) | O91: 37.2 | P91: 34 | Q91: 기존 / 원표 기준
A92: 30 | B92: 하나마이크론 | C92: 067310 | D92: =원자료!I38 | E92: =D92*원자료!J38/100000000 | F92: =IF(원자료!T38="","미확인",원자료!T38) | G92: =IF(원자료!D38="","미확인",원자료!D38) | H92: =IF(AND(ISNUMBER(F92),ISNUMBER(G92)),IF(F92=0,IF(G92>0,"흑자전환",IF(G92=0,"손익분기","미확인")),IF(F92<0,IF(G92>0,"흑자전환",IF(G92=0,"손익분기","적자지속")),IF(G92<0,"적자전환",IF(G92=0,-1,G92/F92-1)))),"미확인") | I92: =IF(원자료!U38="","미확인",원자료!U38) | J92: =IF(원자료!E38="","미확인",원자료!E38) | K92: =IF(AND(ISNUMBER(I92),ISNUMBER(J92)),IF(I92=0,IF(J92>0,"흑자전환",IF(J92=0,"손익분기","미확인")),IF(I92<0,IF(J92>0,"흑자전환",IF(J92=0,"손익분기","적자지속")),IF(J92<0,"적자전환",IF(J92=0,-1,J92/I92-1)))),"미확인") | L92: =IF(ISNUMBER(G92),IF(G92>0,E92/G92,"적자"),"미산출") | M92: =IF(ISNUMBER(J92),IF(J92>0,E92/J92,"적자"),"미산출") | N92: =IF(원자료!O38="","미확인",원자료!O38) | O92: 12.5 | P92: 7.5 | Q92: 기존 / †
A93: 70 | B93: 원익IPS | C93: 240810 | D93: =원자료!I82 | E93: =D93*원자료!J82/100000000 | F93: =IF(원자료!T82="","미확인",원자료!T82) | G93: =IF(원자료!D82="","미확인",원자료!D82) | H93: =IF(AND(ISNUMBER(F93),ISNUMBER(G93)),IF(F93=0,IF(G93>0,"흑자전환",IF(G93=0,"손익분기","미확인")),IF(F93<0,IF(G93>0,"흑자전환",IF(G93=0,"손익분기","적자지속")),IF(G93<0,"적자전환",IF(G93=0,-1,G93/F93-1)))),"미확인") | I93: =IF(원자료!U82="","미확인",원자료!U82) | J93: =IF(원자료!E82="","미확인",원자료!E82) | K93: =IF(AND(ISNUMBER(I93),ISNUMBER(J93)),IF(I93=0,IF(J93>0,"흑자전환",IF(J93=0,"손익분기","미확인")),IF(I93<0,IF(J93>0,"흑자전환",IF(J93=0,"손익분기","적자지속")),IF(J93<0,"적자전환",IF(J93=0,-1,J93/I93-1)))),"미확인") | L93: =IF(ISNUMBER(G93),IF(G93>0,E93/G93,"적자"),"미산출") | M93: =IF(ISNUMBER(J93),IF(J93>0,E93/J93,"적자"),"미산출") | N93: =IF(원자료!O82="","미확인",원자료!O82) | O93: 27 | P93: 23.7 | Q93: 기존 / 원표 기준
A94: 4 | B94: 세보엠이씨 | C94: 011560 | D94: =원자료!I13 | E94: =D94*원자료!J13/100000000 | F94: =IF(원자료!T13="","미확인",원자료!T13) | G94: =IF(원자료!D13="","미확인",원자료!D13) | H94: =IF(AND(ISNUMBER(F94),ISNUMBER(G94)),IF(F94=0,IF(G94>0,"흑자전환",IF(G94=0,"손익분기","미확인")),IF(F94<0,IF(G94>0,"흑자전환",IF(G94=0,"손익분기","적자지속")),IF(G94<0,"적자전환",IF(G94=0,-1,G94/F94-1)))),"미확인") | I94: =IF(원자료!U13="","미확인",원자료!U13) | J94: =IF(원자료!E13="","미확인",원자료!E13) | K94: =IF(AND(ISNUMBER(I94),ISNUMBER(J94)),IF(I94=0,IF(J94>0,"흑자전환",IF(J94=0,"손익분기","미확인")),IF(I94<0,IF(J94>0,"흑자전환",IF(J94=0,"손익분기","적자지속")),IF(J94<0,"적자전환",IF(J94=0,-1,J94/I94-1)))),"미확인") | L94: =IF(ISNUMBER(G94),IF(G94>0,E94/G94,"적자"),"미산출") | M94: =IF(ISNUMBER(J94),IF(J94>0,E94/J94,"적자"),"미산출") | N94: =IF(원자료!O13="","미확인",원자료!O13) | O94: 4.3 | P94: 3.7 | Q94: 기존 / 원표 기준
A95: 56 | B95: 디아이 | C95: 003160 | D95: =원자료!I63 | E95: =D95*원자료!J63/100000000 | F95: =IF(원자료!T63="","미확인",원자료!T63) | G95: =IF(원자료!D63="","미확인",원자료!D63) | H95: =IF(AND(ISNUMBER(F95),ISNUMBER(G95)),IF(F95=0,IF(G95>0,"흑자전환",IF(G95=0,"손익분기","미확인")),IF(F95<0,IF(G95>0,"흑자전환",IF(G95=0,"손익분기","적자지속")),IF(G95<0,"적자전환",IF(G95=0,-1,G95/F95-1)))),"미확인") | I95: =IF(원자료!U63="","미확인",원자료!U63) | J95: =IF(원자료!E63="","미확인",원자료!E63) | K95: =IF(AND(ISNUMBER(I95),ISNUMBER(J95)),IF(I95=0,IF(J95>0,"흑자전환",IF(J95=0,"손익분기","미확인")),IF(I95<0,IF(J95>0,"흑자전환",IF(J95=0,"손익분기","적자지속")),IF(J95<0,"적자전환",IF(J95=0,-1,J95/I95-1)))),"미확인") | L95: =IF(ISNUMBER(G95),IF(G95>0,E95/G95,"적자"),"미산출") | M95: =IF(ISNUMBER(J95),IF(J95>0,E95/J95,"적자"),"미산출") | N95: =IF(원자료!O63="","미확인",원자료!O63) | O95: 19.2 | P95: 8.3 | Q95: 기존 / †
A96: 23 | B96: LX세미콘 | C96: 108320 | D96: =원자료!I29 | E96: =D96*원자료!J29/100000000 | F96: =IF(원자료!T29="","미확인",원자료!T29) | G96: =IF(원자료!D29="","미확인",원자료!D29) | H96: =IF(AND(ISNUMBER(F96),ISNUMBER(G96)),IF(F96=0,IF(G96>0,"흑자전환",IF(G96=0,"손익분기","미확인")),IF(F96<0,IF(G96>0,"흑자전환",IF(G96=0,"손익분기","적자지속")),IF(G96<0,"적자전환",IF(G96=0,-1,G96/F96-1)))),"미확인") | I96: =IF(원자료!U29="","미확인",원자료!U29) | J96: =IF(원자료!E29="","미확인",원자료!E29) | K96: =IF(AND(ISNUMBER(I96),ISNUMBER(J96)),IF(I96=0,IF(J96>0,"흑자전환",IF(J96=0,"손익분기","미확인")),IF(I96<0,IF(J96>0,"흑자전환",IF(J96=0,"손익분기","적자지속")),IF(J96<0,"적자전환",IF(J96=0,-1,J96/I96-1)))),"미확인") | L96: =IF(ISNUMBER(G96),IF(G96>0,E96/G96,"적자"),"미산출") | M96: =IF(ISNUMBER(J96),IF(J96>0,E96/J96,"적자"),"미산출") | N96: =IF(원자료!O29="","미확인",원자료!O29) | O96: 9.5 | P96: 7.5 | Q96: 기존 / 원표 기준
A97: 69 | B97: 유진테크 | C97: 084370 | D97: =원자료!I80 | E97: =D97*원자료!J80/100000000 | F97: =IF(원자료!T80="","미확인",원자료!T80) | G97: =IF(원자료!D80="","미확인",원자료!D80) | H97: =IF(AND(ISNUMBER(F97),ISNUMBER(G97)),IF(F97=0,IF(G97>0,"흑자전환",IF(G97=0,"손익분기","미확인")),IF(F97<0,IF(G97>0,"흑자전환",IF(G97=0,"손익분기","적자지속")),IF(G97<0,"적자전환",IF(G97=0,-1,G97/F97-1)))),"미확인") | I97: =IF(원자료!U80="","미확인",원자료!U80) | J97: =IF(원자료!E80="","미확인",원자료!E80) | K97: =IF(AND(ISNUMBER(I97),ISNUMBER(J97)),IF(I97=0,IF(J97>0,"흑자전환",IF(J97=0,"손익분기","미확인")),IF(I97<0,IF(J97>0,"흑자전환",IF(J97=0,"손익분기","적자지속")),IF(J97<0,"적자전환",IF(J97=0,-1,J97/I97-1)))),"미확인") | L97: =IF(ISNUMBER(G97),IF(G97>0,E97/G97,"적자"),"미산출") | M97: =IF(ISNUMBER(J97),IF(J97>0,E97/J97,"적자"),"미산출") | N97: =IF(원자료!O80="","미확인",원자료!O80) | O97: 26.9 | P97: 22.2 | Q97: 기존 / 원표 기준
A98: 21 | B98: 프로텍 | C98: 053610 | D98: =원자료!I31 | E98: =D98*원자료!J31/100000000 | F98: =IF(원자료!T31="","미확인",원자료!T31) | G98: =IF(원자료!D31="","미확인",원자료!D31) | H98: =IF(AND(ISNUMBER(F98),ISNUMBER(G98)),IF(F98=0,IF(G98>0,"흑자전환",IF(G98=0,"손익분기","미확인")),IF(F98<0,IF(G98>0,"흑자전환",IF(G98=0,"손익분기","적자지속")),IF(G98<0,"적자전환",IF(G98=0,-1,G98/F98-1)))),"미확인") | I98: =IF(원자료!U31="","미확인",원자료!U31) | J98: =IF(원자료!E31="","미확인",원자료!E31) | K98: =IF(AND(ISNUMBER(I98),ISNUMBER(J98)),IF(I98=0,IF(J98>0,"흑자전환",IF(J98=0,"손익분기","미확인")),IF(I98<0,IF(J98>0,"흑자전환",IF(J98=0,"손익분기","적자지속")),IF(J98<0,"적자전환",IF(J98=0,-1,J98/I98-1)))),"미확인") | L98: =IF(ISNUMBER(G98),IF(G98>0,E98/G98,"적자"),"미산출") | M98: =IF(ISNUMBER(J98),IF(J98>0,E98/J98,"적자"),"미산출") | N98: =IF(원자료!O31="","미확인",원자료!O31) | O98: 10 | P98: 8.8 | Q98: 기존 / 원표 기준
A99: 77 | B99: 성호전자 | C99: 043260 | D99: =원자료!I95 | E99: =D99*원자료!J95/100000000 | F99: =IF(원자료!T95="","미확인",원자료!T95) | G99: =IF(원자료!D95="","미확인",원자료!D95) | H99: =IF(AND(ISNUMBER(F99),ISNUMBER(G99)),IF(F99=0,IF(G99>0,"흑자전환",IF(G99=0,"손익분기","미확인")),IF(F99<0,IF(G99>0,"흑자전환",IF(G99=0,"손익분기","적자지속")),IF(G99<0,"적자전환",IF(G99=0,-1,G99/F99-1)))),"미확인") | I99: =IF(원자료!U95="","미확인",원자료!U95) | J99: =IF(원자료!E95="","미확인",원자료!E95) | K99: =IF(AND(ISNUMBER(I99),ISNUMBER(J99)),IF(I99=0,IF(J99>0,"흑자전환",IF(J99=0,"손익분기","미확인")),IF(I99<0,IF(J99>0,"흑자전환",IF(J99=0,"손익분기","적자지속")),IF(J99<0,"적자전환",IF(J99=0,-1,J99/I99-1)))),"미확인") | L99: =IF(ISNUMBER(G99),IF(G99>0,E99/G99,"적자"),"미산출") | M99: =IF(ISNUMBER(J99),IF(J99>0,E99/J99,"적자"),"미산출") | N99: =IF(원자료!O95="","미확인",원자료!O95) | Q99: 추가 / 지배순이익
A100: 미산출 | B100: 한양디지텍 | C100: 078350 | D100: =IF(ISNUMBER(원자료!I100),원자료!I100,"미확인") | E100: =IF(AND(ISNUMBER(D100),ISNUMBER(원자료!J100)),D100*원자료!J100/100000000,"미산출") | F100: =IF(ISNUMBER(원자료!T100),원자료!T100,"미확인") | G100: =IF(ISNUMBER(원자료!D100),원자료!D100,"미확인") | H100: =IF(AND(ISNUMBER(F100),ISNUMBER(G100)),IF(F100=0,IF(G100>0,"흑자전환",IF(G100=0,"손익분기","미확인")),IF(F100<0,IF(G100>0,"흑자전환",IF(G100=0,"손익분기","적자지속")),IF(G100<0,"적자전환",IF(G100=0,-1,G100/F100-1)))),"미확인") | I100: =IF(ISNUMBER(원자료!U100),원자료!U100,"미확인") | J100: =IF(ISNUMBER(원자료!E100),원자료!E100,"미확인") | K100: =IF(AND(ISNUMBER(I100),ISNUMBER(J100)),IF(I100=0,IF(J100>0,"흑자전환",IF(J100=0,"손익분기","미확인")),IF(I100<0,IF(J100>0,"흑자전환",IF(J100=0,"손익분기","적자지속")),IF(J100<0,"적자전환",IF(J100=0,-1,J100/I100-1)))),"미확인") | L100: =IF(AND(ISNUMBER(E100),ISNUMBER(G100),G100>0),E100/G100,"미산출") | M100: =IF(AND(ISNUMBER(E100),ISNUMBER(J100),J100>0),E100/J100,"미산출") | N100: =IF(ISNUMBER(원자료!O100),원자료!O100,"미확인") | Q100: 추가 / 추정치 미제공
A101: 미산출 | B101: RFHIC | C101: 218410 | D101: =IF(ISNUMBER(원자료!I101),원자료!I101,"미확인") | E101: =IF(AND(ISNUMBER(D101),ISNUMBER(원자료!J101)),D101*원자료!J101/100000000,"미산출") | F101: =IF(ISNUMBER(원자료!T101),원자료!T101,"미확인") | G101: =IF(ISNUMBER(원자료!D101),원자료!D101,"미확인") | H101: =IF(AND(ISNUMBER(F101),ISNUMBER(G101)),IF(F101=0,IF(G101>0,"흑자전환",IF(G101=0,"손익분기","미확인")),IF(F101<0,IF(G101>0,"흑자전환",IF(G101=0,"손익분기","적자지속")),IF(G101<0,"적자전환",IF(G101=0,-1,G101/F101-1)))),"미확인") | I101: =IF(ISNUMBER(원자료!U101),원자료!U101,"미확인") | J101: =IF(ISNUMBER(원자료!E101),원자료!E101,"미확인") | K101: =IF(AND(ISNUMBER(I101),ISNUMBER(J101)),IF(I101=0,IF(J101>0,"흑자전환",IF(J101=0,"손익분기","미확인")),IF(I101<0,IF(J101>0,"흑자전환",IF(J101=0,"손익분기","적자지속")),IF(J101<0,"적자전환",IF(J101=0,-1,J101/I101-1)))),"미확인") | L101: =IF(AND(ISNUMBER(E101),ISNUMBER(G101),G101>0),E101/G101,"미산출") | M101: =IF(AND(ISNUMBER(E101),ISNUMBER(J101),J101>0),E101/J101,"미산출") | N101: =IF(ISNUMBER(원자료!O101),원자료!O101,"미확인") | Q101: 추가 / 추정치 미제공
...

Sheet 원자료
A2: 원표 및 조회 입력값
A3: 원표 시총은 조원 단위 반올림을 포함. 재계산에는 사용하지 않음. 추가 종목 순이익은 지배주주 기준. | O3: 27E ROE: 10/14 직접 제공값 79개 대조 일치. 미확인 11개: 자기자본 미확인 7, 출처 불일치 1, 이익 추정도 미확인 3.
A4: 2026-10-15 KRX 정규장 종가. 시세 응답의 closePrice 사용. NXT 시간외 overPrice 제외. | O4: ROE = 2027E 지배주주순이익 ÷ 2026말·2027말 평균 지배주주자본. 별도는 별도 기준. PER/POR 존재만으로 산출 가능하지 않음.
O5: 기존 원표 이익(10/10)과 ROE(10/14)는 기준일이 다름. 원표 † 순이익과 ROE 지배주주순이익의 기준 차이에 유의. 재검토 사유는 S열.
A9: 종목 | B9: 코드 | C9: 원표 시총 | D9: 27E 순이익 | E9: 27E 영업이익 | F9: 원표 PER | G9: 원표 POR | H9: † | I9: 10/15 종가 | J9: 상장주식 수 | K9: 주가 기준 | L9: 실적 출처 | M9: 시세 출처 | N9: 종가 확인 출처 | O9: 27E ROE | P9: ROE 재무기준 | Q9: ROE 기준일 | R9: ROE 출처 | S9: ROE 재검토 결과 (10/15) | T9: 26E 순이익 (억원) | U9: 26E 영업이익 (억원) | V9: 26E 회계기준 | W9: 26E 출처 (10/14) | X9: 27E 추정치 교차점검
A10: 삼성전자 | B10: 005930 | C10: 14640000 | D10: 4500000 | E10: 5550000 | F10: 3.3 | G10: 2.6 | I10: 207500 | J10: 5846278608 | K10: 2026-10-15 정규장 종가 | L10: 사용자 첨부 IMG_7104~7108 / 원문 https://m.blog.naver.com/stockvera/224440085158 | M10: https://polling.finance.naver.com/api/realtime/domestic/stock/005930 | N10: https://polling.finance.naver.com/api/realtime/domestic/stock/005930 | O10: 0.5032 | P10: IFRS연결 | Q10: 2026-10-14 | R10: https://comp.wisereport.co.kr/company/ajax/c1050001_data.aspx?flag=2&cmp_cd=005930&finGubun=MAIN&frq=0&sDT=20261014&chartType=image | S10: 2027.12(E) ROE 직접 제공값과 대조 일치. 백분율 단위·종목코드 확인. | T10: 3036391 | U10: 3716393.4 | V10: IFRS연결 | W10: https://comp.wisereport.co.kr/company/ajax/c1050001_data.aspx?flag=2&cmp_cd=005930&finGubun=MAIN&frq=0&sDT=20261014&chartType=image | X10: 27E 원표와 FnGuide 차이 10% 이내 또는 비교 자료 없음
A11: SK하이닉스 | B11: 000660 | C11: 11720000 | D11: 3260000 | E11: 4020000 | F11: 3.6 | G11: 2.9 | I11: 1238000 | J11: 730492365 | K11: 2026-10-15 정규장 종가 | L11: 사용자 첨부 IMG_7104~7108 / 원문 https://m.blog.naver.com/stockvera/224440085158 | M11: https://polling.finance.naver.com/api/realtime/domestic/stock/000660 | N11: https://polling.finance.naver.com/api/realtime/domestic/stock/000660 | O11: 0.6211 | P11: IFRS연결 | Q11: 2026-10-14 | R11: https://comp.wisereport.co.kr/company/ajax/c1050001_data.aspx?flag=2&cmp_cd=000660&finGubun=MAIN&frq=0&sDT=20261014&chartType=image | S11: 2027.12(E) ROE 직접 제공값과 대조 일치. 백분율 단위·종목코드 확인. | T11: 2557448.7 | U11: 2625689.8 | V11: IFRS연결 | W11: https://comp.wisereport.co.kr/company/ajax/c1050001_data.aspx?flag=2&cmp_cd=000660&finGubun=MAIN&frq=0&sDT=20261014&chartType=image | X11: 27E 원표와 FnGuide 차이 10% 이내 또는 비교 자료 없음
A12: 엠케이전자 | B12: 033160 | C12: 4618 | D12: 1079 | E12: 1744 | F12: 4.3 | G12: 2.6 | H12: † | I12: 14690 | J12: 24564058 | K12: 2026-10-15 정규장 종가 | L12: 사용자 첨부 IMG_7104~7108 / 원문 https://m.blog.naver.com/stockvera/224440085158 | M12: https://polling.finance.naver.com/api/realtime/domestic/stock/033160 | N12: https://polling.finance.naver.com/api/realtime/domestic/stock/033160 | O12: 미확인 | P12: IFRS연결 | Q12: 2026-10-14 | R12: https://comp.wisereport.co.kr/company/ajax/c1050001_data.aspx?flag=2&cmp_cd=033160&finGubun=MAIN&frq=0&sDT=20261014&chartType=image | S12: 2027년 이익 추정치는 있으나 2026/2027 BPS·ROE 미제공. 평균 예상 자기자본 미확인으로 계산 보류. 주재무·연결·별도 및 기업현황 화면 재조회. 별도 ROE 21.64%는 확인되나 연결 기준과 달라 대체하지 않음. | T12: 647.5 | U12: 1077.33 | V12: IFRS연결 | W12: https://comp.wisereport.co.kr/company/ajax/c1050001_data.aspx?flag=2&cmp_cd=033160&finGubun=MAIN&frq=0&sDT=20261014&chartType=image | X12: 순이익: 기존 27E 1,079.00억원 vs FnGuide 849.00억원 (-21.3%); 영업이익: 기존 27E 1,744.00억원 vs FnGuide 1,559.00억원 (-10.6%)
A13: 세보엠이씨 | B13: 011560 | C13: 2123 | D13: 491 | E13: 580 | F13: 4.3 | G13: 3.7 | I13: 19930 | J13: 10084872 | K13: 2026-10-15 정규장 종가 | L13: 사용자 첨부 IMG_7104~7108 / 원문 https://m.blog.naver.com/stockvera/224440085158 | M13: https://polling.finance.naver.com/api/realtime/domestic/stock/011560 | N13: https://polling.finance.naver.com/api/realtime/domestic/stock/011560 | O13: 0.1475 | P13: IFRS연결 | Q13: 2026-10-14 | R13: https://comp.wisereport.co.kr/company/ajax/c1050001_data.aspx?flag=2&cmp_cd=011560&finGubun=MAIN&frq=0&sDT=20261014&chartType=image | S13: 2027.12(E) ROE 직접 제공값과 대조 일치. 백분율 단위·종목코드 확인. | T13: 471 | U13: 559 | V13: IFRS연결 | W13: https://comp.wisereport.co.kr/company/ajax/c1050001_data.aspx?flag=2&cmp_cd=011560&finGubun=MAIN&frq=0&sDT=20261014&chartType=image | X13: 27E 원표와 FnGuide 차이 10% 이내 또는 비교 자료 없음
A14: 케이씨 | B14: 029460 | C14: 4953 | D14: 830 | E14: 973 | F14: 6 | G14: 5.1 | I14: 36800 | J14: 11020535 | K14: 2026-10-15 정규장 종가 | L14: 사용자 첨부 IMG_7104~7108 / 원문 https://m.blog.naver.com/stockvera/224440085158 | M14: https://polling.finance.naver.com/api/realtime/domestic/stock/029460 | N14: https://polling.finance.naver.com/api/realtime/domestic/stock/029460 | O14: 미확인 | P14: IFRS연결 | Q14: 2026-10-14 | R14: https://comp.wisereport.co.kr/company/ajax/c1050001_data.aspx?flag=2&cmp_cd=029460&finGubun=MAIN&frq=0&sDT=20261014&chartType=image | S14: 2027년 이익 추정치는 있으나 2026/2027 BPS·ROE 미제공. 평균 예상 자기자본 미확인으로 계산 보류. 주재무·연결·별도 및 기업현황 화면 재조회. | T14: 740 | U14: 756 | V14: IFRS연결 | W14: https://comp.wisereport.co.kr/company/ajax/c1050001_data.aspx?flag=2&cmp_cd=029460&finGubun=MAIN&frq=0&sDT=20261014&chartType=image | X14: 27E 원표와 FnGuide 차이 10% 이내 또는 비교 자료 없음
A15: 에프엔에스테크 | B15: 083500 | C15: 1251 | D15: 195 | E15: 288 | F15: 6.4 | G15: 4.3 | H15: † | I15: 13050 | J15: 8306377 | K15: 2026-10-15 정규장 종가 | L15: 사용자 첨부 IMG_7104~7108 / 원문 https://m.blog.naver.com/stockvera/224440085158 | M15: https://polling.finance.naver.com/api/realtime/domestic/stock/083500 | N15: https://polling.finance.naver.com/api/realtime/domestic/stock/083500 | O15: 0.1884 | P15: IFRS연결 | Q15: 2026-10-14 | R15: https://comp.wisereport.co.kr/company/ajax/c1050001_data.aspx?flag=2&cmp_cd=083500&finGubun=MAIN&frq=0&sDT=20261014&chartType=image | S15: 2027.12(E) ROE 직접 제공값과 대조 일치. 백분율 단위·종목코드 확인. | T15: 116 | U15: 161 | V15: IFRS연결 | W15: https://comp.wisereport.co.kr/company/ajax/c1050001_data.aspx?flag=2&cmp_cd=083500&finGubun=MAIN&frq=0&sDT=20261014&chartType=image | X15: 27E 원표와 FnGuide 차이 10% 이내 또는 비교 자료 없음
A16: 원익머트리얼즈 | B16: 104830 | C16: 5125 | D16: 772 | E16: 931 | F16: 6.6 | G16: 5.5 | I16: 36150 | J16: 12608000 | K16: 2026-10-15 정규장 종가 | L16: 사용자 첨부 IMG_7104~7108 / 원문 https://m.blog.naver.com/stockvera/224440085158 | M16: https://polling.finance.naver.com/api/realtime/domestic/stock/104830 | N16: https://polling.finance.naver.com/api/realtime/domestic/stock/104830 | O16: 0.1261 | P16: IFRS연결 | Q16: 2026-10-14 | R16: https://comp.wisereport.co.kr/company/ajax/c1050001_data.aspx?flag=2&cmp_cd=104830&finGubun=MAIN&frq=0&sDT=20261014&chartType=image | S16: 2027.12(E) ROE 직접 제공값과 대조 일치. 백분율 단위·종목코드 확인. | T16: 589.67 | U16: 679 | V16: IFRS연결 | W16: https://comp.wisereport.co.kr/company/ajax/c1050001_data.aspx?flag=2&cmp_cd=104830&finGubun=MAIN&frq=0&sDT=20261014&chartType=image | X16: 27E 원표와 FnGuide 차이 10% 이내 또는 비교 자료 없음
A17: 케이엔제이 | B17: 272110 | C17: 2568 | D17: 366 | E17: 444 | F17: 7 | G17: 5.8 | I17: 25050 | J17: 8025395 | K17: 2026-10-15 정규장 종가 | L17: 사용자 첨부 IMG_7104~7108 / 원문 https://m.blog.naver.com/stockvera/224440085158 | M17: https://polling.finance.naver.com/api/realtime/domestic/stock/272110 | N17: https://polling.finance.naver.com/api/realtime/domestic/stock/272110 | O17: 0.2633 | P17: IFRS연결 | Q17: 2026-10-14 | R17: https://comp.wisereport.co.kr/company/ajax/c1050001_data.aspx?flag=2&cmp_cd=272110&finGubun=MAIN&frq=0&sDT=20261014&chartType=image | S17: 2027.12(E) ROE 직접 제공값과 대조 일치. 백분율 단위·종목코드 확인. | T17: 250 | U17: 312 | V17: IFRS연결 | W17: https://comp.wisereport.co.kr/company/ajax/c1050001_data.aspx?flag=2&cmp_cd=272110&finGubun=MAIN&frq=0&sDT=20261014&chartType=image | X17: 27E 원표와 FnGuide 차이 10% 이내 또는 비교 자료 없음
A18: 지앤비에스 에코 | B18: 382800 | C18: 2060 | D18: 278 | E18: 322 | F18: 7.4 | G18: 6.4 | I18: 5240 | J18: 31831041 | K18: 2026-10-15 정규장 종가 | L18: 사용자 첨부 IMG_7104~7108 / 원문 https://m.blog.naver.com/stockvera/224440085158 | M18: https://polling.finance.naver.com/api/realtime/domestic/stock/382800 | N18: https://polling.finance.naver.com/api/realtime/domestic/stock/382800 | O18: 0.1858 | P18: IFRS연결 | Q18: 2026-10-14 | R18: https://comp.wisereport.co.kr/company/ajax/c1050001_data.aspx?flag=2&cmp_cd=382800&finGubun=MAIN&frq=0&sDT=20261014&chartType=image | S18: 2027.12(E) ROE 직접 제공값과 대조 일치. 백분율 단위·종목코드 확인. | T18: 242.33 | U18: 265 | V18: IFRS연결 | W18: https://comp.wisereport.co.kr/company/ajax/c1050001_data.aspx?flag=2&cmp_cd=382800&finGubun=MAIN&frq=0&sDT=20261014&chartType=image | X18: 27E 원표와 FnGuide 차이 10% 이내 또는 비교 자료 없음
A19: 유니테스트 | B19: 086390 | C19: 2868 | D19: 369 | E19: 460 | F19: 7.8 | G19: 6.2 | I19: 10190 | J19: 21134126 | K19: 2026-10-15 정규장 종가 | L19: 사용자 첨부 IMG_7104~7108 / 원문 https://m.blog.naver.com/stockvera/224440085158 | M19: https://polling.finance.naver.com/api/realtime/domestic/stock/086390 | N19: https://polling.finance.naver.com/api/realtime/domestic/stock/086390 | O19: 0.2771 | P19: IFRS연결 | Q19: 2026-10-14 | R19: https://comp.wisereport.co.kr/company/ajax/c1050001_data.aspx?flag=2&cmp_cd=086390&finGubun=MAIN&frq=0&sDT=20261014&chartType=image | S19: 2027.12(E) ROE 직접 제공값과 대조 일치. 백분율 단위·종목코드 확인. | T19: 195.75 | U19: 218.7 | V19: IFRS연결 | W19: https://comp.wisereport.co.kr/company/ajax/c1050001_data.aspx?flag=2&cmp_cd=086390&finGubun=MAIN&frq=0&sDT=20261014&chartType=image | X19: 27E 원표와 FnGuide 차이 10% 이내 또는 비교 자료 없음
A20: 이엔에프테크놀로지 | B20: 102710 | C20: 6987 | D20: 873 | E20: 1223 | F20: 8 | G20: 5.7 | I20: 41050 | J20: 14287836 | K20: 2026-10-15 정규장 종가 | L20: 사용자 첨부 IMG_7104~7108 / 원문 https://m.blog.naver.com/stockvera/224440085158 | M20: https://polling.finance.naver.com/api/realtime/domestic/stock/102710 | N20: https://polling.finance.naver.com/api/realtime/domestic/stock/102710 | O20: 0.1584 | P20: IFRS연결 | Q20: 2026-10-14 | R20: https://comp.wisereport.co.kr/company/ajax/c1050001_data.aspx?flag=2&cmp_cd=102710&finGubun=MAIN&frq=0&sDT=20261014&chartType=image | S20: 2027.12(E) ROE 직접 제공값과 대조 일치. 백분율 단위·종목코드 확인. | T20: 660.5 | U20: 965.75 | V20: IFRS연결 | W20: https://comp.wisereport.co.kr/company/ajax/c1050001_data.aspx?flag=2&cmp_cd=102710&finGubun=MAIN&frq=0&sDT=20261014&chartType=image | X20: 27E 원표와 FnGuide 차이 10% 이내 또는 비교 자료 없음
A21: 텔레칩스 | B21: 054450 | C21: 1467 | D21: 180 | E21: 224 | F21: 8.1 | G21: 6.6 | I21: 7980 | J21: 15144233 | K21: 2026-10-15 정규장 종가 | L21: 사용자 첨부 IMG_7104~7108 / 원문 https://m.blog.naver.com/stockvera/224440085158 | M21: https://polling.finance.naver.com/api/realtime/domestic/stock/054450 | N21: https://polling.finance.naver.com/api/realtime/domestic/stock/054450 | O21: 0.1187 | P21: IFRS연결 | Q21: 2026-10-14 | R21: https://comp.wisereport.co.kr/company/ajax/c1050001_data.aspx?flag=2&cmp_cd=054450&finGubun=MAIN&frq=0&sDT=20261014&chartType=image | S21: 2027.12(E) ROE 직접 제공값과 대조 일치. 백분율 단위·종목코드 확인. | T21: 30.5 | U21: 171.5 | V21: IFRS연결 | W21: https://comp.wisereport.co.kr/company/ajax/c1050001_data.aspx?flag=2&cmp_cd=054450&finGubun=MAIN&frq=0&sDT=20261014&chartType=image | X21: 27E 원표와 FnGuide 차이 10% 이내 또는 비교 자료 없음
A22: 싸이맥스 | B22: 160980 | C22: 2928 | D22: 360 | E22: 457 | F22: 8.1 | G22: 6.4 | I22: 20000 | J22: 10924243 | K22: 2026-10-15 정규장 종가 | L22: 사용자 첨부 IMG_7104~7108 / 원문 https://m.blog.naver.com/stockvera/224440085158 | M22: https://polling.finance.naver.com/api/realtime/domestic/stock/160980 | N22: https://polling.finance.naver.com/api/realtime/domestic/stock/160980 | O22: 0.1552 | P22: IFRS연결 | Q22: 2026-10-14 | R22: https://comp.wisereport.co.kr/company/ajax/c1050001_data.aspx?flag=2&cmp_cd=160980&finGubun=MAIN&frq=0&sDT=20261014&chartType=image | S22: 2027.12(E) ROE 직접 제공값과 대조 일치. 백분율 단위·종목코드 확인. | T22: 284 | U22: 359 | V22: IFRS연결 | W22: https://comp.wisereport.co.kr/company/ajax/c1050001_data.aspx?flag=2&cmp_cd=160980&finGubun=MAIN&frq=0&sDT=20261014&chartType=image | X22: 27E 원표와 FnGuide 차이 10% 이내 또는 비교 자료 없음
A23: 한솔아이원스 | B23: 114810 | C23: 4129 | D23: 477 | E23: 613 | F23: 8.7 | G23: 6.7 | I23: 11810 | J23: 28143174 | K23: 2026-10-15 정규장 종가 | L23: 사용자 첨부 IMG_7104~7108 / 원문 https://m.blog.naver.com/stockvera/224440085158 | M23: https://polling.finance.naver.com/api/realtime/domestic/stock/114810 | N23: https://polling.finance.naver.com/api/realtime/domestic/stock/114810 | O23: 미확인 | P23: IFRS연결 | Q23: 2026-10-14 | R23: https://comp.wisereport.co.kr/company/ajax/c1050001_data.aspx?flag=2&cmp_cd=114810&finGubun=MAIN&frq=0&sDT=20261014&chartType=image | S23: 2027년 이익 추정치는 있으나 2026/2027 BPS·ROE 미제공. 평균 예상 자기자본 미확인으로 계산 보류. 주재무·연결·별도 및 기업현황 화면 재조회. | T23: 337 | U23: 427 | V23: IFRS연결 | W23: https://comp.wisereport.co.kr/company/ajax/c1050001_data.aspx?flag=2&cmp_cd=114810&finGubun=MAIN&frq=0&sDT=20261014&chartType=image | X23: 27E 원표와 FnGuide 차이 10% 이내 또는 비교 자료 없음
A24: 유니셈 | B24: 036200 | C24: 3271 | D24: 372 | E24: 422 | F24: 8.8 | G24: 7.8 | I24: 8460 | J24: 30664223 | K24: 2026-10-15 정규장 종가 | L24: 사용자 첨부 IMG_7104~7108 / 원문 https://m.blog.naver.com/stockvera/224440085158 | M24: https://polling.finance.naver.com/api/realtime/domestic/stock/036200 | N24: https://polling.finance.naver.com/api/realtime/domestic/stock/036200 | O24: 0.1305 | P24: IFRS연결 | Q24: 2026-10-14 | R24: https://comp.wisereport.co.kr/company/ajax/c1050001_data.aspx?flag=2&cmp_cd=036200&finGubun=MAIN&frq=0&sDT=20261014&chartType=image | S24: 2027.12(E) ROE 직접 제공값과 대조 일치. 백분율 단위·종목코드 확인. | T24: 269 | U24: 280 | V24: IFRS연결 | W24: https://comp.wisereport.co.kr/company/ajax/c1050001_data.aspx?flag=2&cmp_cd=036200&finGubun=MAIN&frq=0&sDT=20261014&chartType=image | X24: 27E 원표와 FnGuide 차이 10% 이내 또는 비교 자료 없음
A25: 엘티씨 | B25: 170920 | C25: 4083 | D25: 464 | E25: 1174 | F25: 8.8 | G25: 3.5 | H25: † | I25: 30500 | J25: 10564126 | K25: 2026-10-15 정규장 종가 | L25: 사용자 첨부 IMG_7104~7108 / 원문 https://m.blog.naver.com/stockvera/224440085158 | M25: https://polling.finance.naver.com/api/realtime/domestic/stock/170920 | N25: https://polling.finance.naver.com/api/realtime/domestic/stock/170920 | O25: 0.2615 | P25: IFRS연결 | Q25: 2026-10-14 | R25: https://comp.wisereport.co.kr/company/ajax/c1050001_data.aspx?flag=2&cmp_cd=170920&finGubun=MAIN&frq=0&sDT=20261014&chartType=image | S25: 2027.12(E) ROE 직접 제공값과 대조 일치. 백분율 단위·종목코드 확인. | T25: 293 | U25: 733.5 | V25: IFRS연결 | W25: https://comp.wisereport.co.kr/company/ajax/c1050001_data.aspx?flag=2&cmp_cd=170920&finGubun=MAIN&frq=0&sDT=20261014&chartType=image | X25: 27E 원표와 FnGuide 차이 10% 이내 또는 비교 자료 없음
A26: 신성이엔지 | B26: 011930 | C26: 3773 | D26: 423 | E26: 276 | F26: 8.9 | G26: 13.7 | H26: † | I26: 15360 | J26: 20306182 | K26: 2026-10-15 정규장 종가 | L26: 사용자 첨부 IMG_7104~7108 / 원문 https://m.blog.naver.com/stockvera/224440085158 | M26: https://polling.finance.naver.com/api/realtime/domestic/stock/011930 | N26: https://polling.finance.naver.com/api/realtime/domestic/stock/011930 | O26: 미확인 | P26: IFRS연결 | Q26: 2026-10-14 | R26: https://comp.wisereport.co.kr/company/ajax/c1050001_data.aspx?flag=2&cmp_cd=011930&finGubun=MAIN&frq=0&sDT=20261014&chartType=image | S26: 2027년 이익 추정치는 있으나 2026/2027 BPS·ROE 미제공. 평균 예상 자기자본 미확인으로 계산 보류. 주재무·연결·별도 및 기업현황 화면 재조회. | T26: 388 | U26: 195 | V26: IFRS연결 | W26: https://comp.wisereport.co.kr/company/ajax/c1050001_data.aspx?flag=2&cmp_cd=011930&finGubun=MAIN&frq=0&sDT=20261014&chartType=image | X26: 27E 원표와 FnGuide 차이 10% 이내 또는 비교 자료 없음
A27: 해성디에스 | B27: 195870 | C27: 11000 | D27: 1164 | E27: 1498 | F27: 9.1 | G27: 7.1 | I27: 47700 | J27: 17000000 | K27: 2026-10-15 정규장 종가 | L27: 사용자 첨부 IMG_7104~7108 / 원문 https://m.blog.naver.com/stockvera/224440085158 | M27: https://polling.finance.naver.com/api/realtime/domestic/stock/195870 | N27: https://polling.finance.naver.com/api/realtime/domestic/stock/195870 | O27: 0.1687 | P27: IFRS연결 | Q27: 2026-10-14 | R27: https://comp.wisereport.co.kr/company/ajax/c1050001_data.aspx?flag=2&cmp_cd=195870&finGubun=MAIN&frq=0&sDT=20261014&chartType=image | S27: 2027.12(E) ROE 직접 제공값과 대조 일치. 백분율 단위·종목코드 확인. | T27: 812.3 | U27: 1025.5 | V27: IFRS연결 | W27: https://comp.wisereport.co.kr/company/ajax/c1050001_data.aspx?flag=2&cmp_cd=195870&finGubun=MAIN&frq=0&sDT=20261014&chartType=image | X27: 27E 원표와 FnGuide 차이 10% 이내 또는 비교 자료 없음
A28: 코세스 | B28: 089890 | C28: 5125 | D28: 540 | E28: 650 | F28: 9.5 | G28: 7.9 | I28: 26550 | J28: 16584962 | K28: 2026-10-15 정규장 종가 | L28: 사용자 첨부 IMG_7104~7108 / 원문 https://m.blog.naver.com/stockvera/224440085158 | M28: https://polling.finance.naver.com/api/realtime/domestic/stock/089890 | N28: https://polling.finance.naver.com/api/realtime/domestic/stock/089890 | O28: 0.4045 | P28: IFRS연결 | Q28: 2026-10-14 | R28: https://comp.wisereport.co.kr/company/ajax/c1050001_data.aspx?flag=2&cmp_cd=089890&finGubun=MAIN&frq=0&sDT=20261014&chartType=image | S28: 2027.12(E) ROE 직접 제공값과 대조 일치. 백분율 단위·종목코드 확인. | T28: 330 | U28: 390 | V28: IFRS연결 | W28: https://comp.wisereport.co.kr/company/ajax/c1050001_data.aspx?flag=2&cmp_cd=089890&finGubun=MAIN&frq=0&sDT=20261014&chartType=image | X28: 27E 원표와 FnGuide 차이 10% 이내 또는 비교 자료 없음
A29: LX세미콘 | B29: 108320 | C29: 5798 | D29: 610 | E29: 770 | F29: 9.5 | G29: 7.5 | I29: 31600 | J29: 16264300 | K29: 2026-10-15 정규장 종가 | L29: 사용자 첨부 IMG_7104~7108 / 원문 https://m.blog.naver.com/stockvera/224440085158 | M29: https://polling.finance.naver.com/api/realtime/domestic/stock/108320 | N29: https://polling.finance.naver.com/api/realtime/domestic/stock/108320 | O29: 0.0512 | P29: IFRS연결 | Q29: 2026-10-14 | R29: https://comp.wisereport.co.kr/company/ajax/c1050001_data.aspx?flag=2&cmp_cd=108320&finGubun=MAIN&frq=0&sDT=20261014&chartType=image | S29: 2027.12(E) ROE 직접 제공값과 대조 일치. 백분율 단위·종목코드 확인. | T29: 610 | U29: 781 | V29: IFRS연결 | W29: https://comp.wisereport.co.kr/company/ajax/c1050001_data.aspx?flag=2&cmp_cd=108320&finGubun=MAIN&frq=0&sDT=20261014&chartType=image | X29: 27E 원표와 FnGuide 차이 10% 이내 또는 비교 자료 없음
A30: 원익QnC | B30: 074600 | C30: 8517 | D30: 887 | E30: 1504 | F30: 9.6 | G30: 5.7 | H30: † | I30: 26250 | J30: 26288000 | K30: 2026-10-15 정규장 종가 | L30: 사용자 첨부 IMG_7104~7108 / 원문 https://m.blog.naver.com/stockvera/224440085158 | M30: https://polling.finance.naver.com/api/realtime/domestic/stock/074600 | N30: https://polling.finance.naver.com/api/realtime/domestic/stock/074600 | O30: 0.1467 | P30: IFRS연결 | Q30: 2026-10-14 | R30: https://comp.wisereport.co.kr/company/ajax/c1050001_data.aspx?flag=2&cmp_cd=074600&finGubun=MAIN&frq=0&sDT=20261014&chartType=image | S30: 2027.12(E) ROE 직접 제공값과 대조 일치. 백분율 단위·종목코드 확인. | T30: 716.67 | U30: 1166.33 | V30: IFRS연결 | W30: https://comp.wisereport.co.kr/company/ajax/c1050001_data.aspx?flag=2&cmp_cd=074600&finGubun=MAIN&frq=0&sDT=20261014&chartType=image | X30: 27E 원표와 FnGuide 차이 10% 이내 또는 비교 자료 없음
A31: 프로텍 | B31: 053610 | C31: 7056 | D31: 703 | E31: 800 | F31: 10 | G31: 8.8 | I31: 61600 | J31: 9000000 | K31: 2026-10-15 정규장 종가 | L31: 사용자 첨부 IMG_7104~7108 / 원문 https://m.blog.naver.com/stockvera/224440085158 | M31: https://polling.finance.naver.com/api/realtime/domestic/stock/053610 | N31: https://polling.finance.naver.com/api/realtime/domestic/stock/053610 | O31: 0.1537 | P31: IFRS연결 | Q31: 2026-10-14 | R31: https://comp.wisereport.co.kr/company/ajax/c1050001_data.aspx?flag=2&cmp_cd=053610&finGubun=MAIN&frq=0&sDT=20261014&chartType=image | S31: 2027.12(E) ROE 직접 제공값과 대조 일치. 백분율 단위·종목코드 확인. | T31: 787 | U31: 746 | V31: IFRS연결 | W31: https://comp.wisereport.co.kr/company/ajax/c1050001_data.aspx?flag=2&cmp_cd=053610&finGubun=MAIN&frq=0&sDT=20261014&chartType=image | X31: 27E 원표와 FnGuide 차이 10% 이내 또는 비교 자료 없음
A32: 저스템 | B32: 417840 | C32: 4493 | D32: 440 | E32: 516 | F32: 10.2 | G32: 8.7 | I32: 14870 | J32: 22946681 | K32: 2026-10-15 정규장 종가 | L32: 사용자 첨부 IMG_7104~7108 / 원문 https://m.blog.naver.com/stockvera/224440085158 | M32: https://polling.finance.naver.com/api/realtime/domestic/stock/417840 | N32: https://polling.finance.naver.com/api/realtime/domestic/stock/417840 | O32: 미확인 | P32: IFRS연결 | Q32: 2026-10-14 | R32: https://comp.wisereport.co.kr/company/ajax/c1050001_data.aspx?flag=2&cmp_cd=417840&finGubun=MAIN&frq=0&sDT=20261014&chartType=image | S32: 2027년 이익 추정치는 있으나 2026/2027 BPS·ROE 미제공. 평균 예상 자기자본 미확인으로 계산 보류. 주재무·연결·별도 및 기업현황 화면 재조회. | T32: 293.5 | U32: 345.74 | V32: IFRS연결 | W32: https://comp.wisereport.co.kr/company/ajax/c1050001_data.aspx?flag=2&cmp_cd=417840&finGubun=MAIN&frq=0&sDT=20261014&chartType=image | X32: 27E 원표와 FnGuide 차이 10% 이내 또는 비교 자료 없음
A33: 삼양엔씨켐 | B33: 482630 | C33: 3215 | D33: 300 | E33: 326 | F33: 10.7 | G33: 9.9 | I33: 12490 | J33: 21888280 | K33: 2026-10-15 정규장 종가 | L33: 사용자 첨부 IMG_7104~7108 / 원문 https://m.blog.naver.com/stockvera/224440085158 | M33: https://polling.finance.naver.com/api/realtime/domestic/stock/482630 | N33: https://polling.finance.naver.com/api/realtime/domestic/stock/482630 | O33: 0.1865 | P33: IFRS별도 | Q33: 2026-10-14 | R33: https://comp.wisereport.co.kr/company/ajax/c1050001_data.aspx?flag=2&cmp_cd=482630&finGubun=MAIN&frq=0&sDT=20261014&chartType=image | S33: 2027.12(E) ROE 직접 제공값과 대조 일치. 백분율 단위·종목코드 확인. | T33: 238.5 | U33: 242.5 | V33: IFRS별도 | W33: https://comp.wisereport.co.kr/company/ajax/c1050001_data.aspx?flag=2&cmp_cd=482630&finGubun=MAIN&frq=0&sDT=20261014&chartType=image | X33: 27E 원표와 FnGuide 차이 10% 이내 또는 비교 자료 없음
A34: 에이엘티 | B34: 172670 | C34: 1259 | D34: 116 | E34: 143 | F34: 10.9 | G34: 8.8 | I34: 11930 | J34: 8960259 | K34: 2026-10-15 정규장 종가 | L34: 사용자 첨부 IMG_7104~7108 / 원문 https://m.blog.naver.com/stockvera/224440085158 | M34: https://polling.finance.naver.com/api/realtime/domestic/stock/172670 | N34: https://polling.finance.naver.com/api/realtime/domestic/stock/172670 | O34: 미확인 | P34: IFRS연결 | Q34: 2026-10-14 | R34: https://comp.wisereport.co.kr/company/ajax/c1050001_data.aspx?flag=2&cmp_cd=172670&finGubun=MAIN&frq=0&sDT=20261014&chartType=image | S34: 2027년 이익 추정치는 있으나 2026/2027 BPS·ROE 미제공. 평균 예상 자기자본 미확인으로 계산 보류. 주재무·연결·별도 및 기업현황 화면 재조회. | T34: 28 | U34: 60 | V34: IFRS연결 | W34: https://comp.wisereport.co.kr/company/ajax/c1050001_data.aspx?flag=2&cmp_cd=172670&finGubun=MAIN&frq=0&sDT=20261014&chartType=image | X34: 27E 원표와 FnGuide 차이 10% 이내 또는 비교 자료 없음
A35: DB하이텍 | B35: 000990 | C35: 57000 | D35: 4930 | E35: 5525 | F35: 11.6 | G35: 10.4 | I35: 100000 | J35: 43504588 | K35: 2026-10-15 정규장 종가 | L35: 사용자 첨부 IMG_7104~7108 / 원문 https://m.blog.naver.com/stockvera/224440085158 | M35: https://polling.finance.naver.com/api/realtime/domestic/stock/000990 | N35: https://polling.finance.naver.com/api/realtime/domestic/stock/000990 | O35: 0.1789 | P35: IFRS연결 | Q35: 2026-10-14 | R35: https://comp.wisereport.co.kr/company/ajax/c1050001_data.aspx?flag=2&cmp_cd=000990&finGubun=MAIN&frq=0&sDT=20261014&chartType=image | S35: 2027.12(E) ROE 직접 제공값과 대조 일치. 백분율 단위·종목코드 확인. | T35: 4010 | U35: 4165 | V35: IFRS연결 | W35: https://comp.wisereport.co.kr/company/ajax/c1050001_data.aspx?flag=2&cmp_cd=000990&finGubun=MAIN&frq=0&sDT=20261014&chartType=image | X35: 27E 원표와 FnGuide 차이 10% 이내 또는 비교 자료 없음
A36: 뉴파워프라즈마 | B36: 144960 | C36: 6021 | D36: 495 | E36: 820 | F36: 12.2 | G36: 7.3 | H36: † | I36: 10440 | J36: 43692624 | K36: 2026-10-15 정규장 종가 | L36: 사용자 첨부 IMG_7104~7108 / 원문 https://m.blog.naver.com/stockvera/224440085158 | M36: https://polling.finance.naver.com/api/realtime/domestic/stock/144960 | N36: https://polling.finance.naver.com/api/realtime/domestic/stock/144960 | O36: 0.139 | P36: IFRS연결 | Q36: 2026-10-14 | R36: https://comp.wisereport.co.kr/company/ajax/c1050001_data.aspx?flag=2&cmp_cd=144960&finGubun=MAIN&frq=0&sDT=20261014&chartType=image | S36: 2027.12(E) ROE 직접 제공값과 대조 일치. 백분율 단위·종목코드 확인. | T36: 439 | U36: 691.67 | V36: IFRS연결 | W36: https://comp.wisereport.co.kr/company/ajax/c1050001_data.aspx?flag=2&cmp_cd=144960&finGubun=MAIN&frq=0&sDT=20261014&chartType=image | X36: 27E 원표와 FnGuide 차이 10% 이내 또는 비교 자료 없음
A37: 피엠티 | B37: 147760 | C37: 860 | D37: 70 | E37: 78 | F37: 12.3 | G37: 11 | I37: 3110 | J37: 20000000 | K37: 2026-10-15 정규장 종가 | L37: 사용자 첨부 IMG_7104~7108 / 원문 https://m.blog.naver.com/stockvera/224440085158 | M37: https://polling.finance.naver.com/api/realtime/domestic/stock/147760 | N37: https://polling.finance.naver.com/api/realtime/domestic/stock/147760 | O37: 미확인 | P37: IFRS별도 | Q37: 2026-10-14 | R37: https://comp.wisereport.co.kr/company/ajax/c1050001_data.aspx?flag=2&cmp_cd=147760&finGubun=MAIN&frq=0&sDT=20261014&chartType=image | S37: 2027년 이익 추정치는 있으나 2026/2027 BPS·ROE 미제공. 평균 예상 자기자본 미확인으로 계산 보류. 주재무·연결·별도 및 기업현황 화면 재조회. | T37: 11 | U37: 22 | V37: IFRS별도 | W37: https://comp.wisereport.co.kr/company/ajax/c1050001_data.aspx?flag=2&cmp_cd=147760&finGubun=MAIN&frq=0&sDT=20261014&chartType=image | X37: 27E 원표와 FnGuide 차이 10% 이내 또는 비교 자료 없음
A38: 하나마이크론 | B38: 067310 | C38: 32000 | D38: 2581 | E38: 4299 | F38: 12.5 | G38: 7.5 | H38: † | I38: 37100 | J38: 66490869 | K38: 2026-10-15 정규장 종가 | L38: 사용자 첨부 IMG_7104~7108 / 원문 https://m.blog.naver.com/stockvera/224440085158 | M38: https://polling.finance.naver.com/api/realtime/domestic/stock/067310 | N38: https://polling.finance.naver.com/api/realtime/domestic/stock/067310 | O38: 0.3238 | P38: IFRS연결 | Q38: 2026-10-14 | R38: https://comp.wisereport.co.kr/company/ajax/c1050001_data.aspx?flag=2&cmp_cd=067310&finGubun=MAIN&frq=0&sDT=20261014&chartType=image | S38: 2027.12(E) ROE 직접 제공값과 대조 일치. 백분율 단위·종목코드 확인. | T38: 2379.5 | U38: 4170.5 | V38: IFRS연결 | W38: https://comp.wisereport.co.kr/company/ajax/c1050001_data.aspx?flag=2&cmp_cd=067310&finGubun=MAIN&frq=0&sDT=20261014&chartType=image | X38: 27E 원표와 FnGuide 차이 10% 이내 또는 비교 자료 없음
A39: 하나머티리얼즈 | B39: 166090 | C39: 13000 | D39: 1008 | E39: 1316 | F39: 12.6 | G39: 9.6 | I39: 50300 | J39: 19777674 | K39: 2026-10-15 정규장 종가 | L39: 사용자 첨부 IMG_7104~7108 / 원문 https://m.blog.naver.com/stockvera/224440085158 | M39: https://polling.finance.naver.com/api/realtime/domestic/stock/166090 | N39: https://polling.finance.naver.com/api/realtime/domestic/stock/166090 | O39: 0.1514 | P39: IFRS연결 | Q39: 2026-10-14 | R39: https://comp.wisereport.co.kr/company/ajax/c1050001_data.aspx?flag=2&cmp_cd=166090&finGubun=MAIN&frq=0&sDT=20261014&chartType=image | S39: 2027.12(E) ROE 직접 제공값과 대조 일치. 백분율 단위·종목코드 확인. | T39: 736.5 | U39: 1000.2 | V39: IFRS연결 | W39: https://comp.wisereport.co.kr/company/ajax/c1050001_data.aspx?flag=2&cmp_cd=166090&finGubun=MAIN&frq=0&sDT=20261014&chartType=image | X39: 27E 원표와 FnGuide 차이 10% 이내 또는 비교 자료 없음
A40: 펨트론 | B40: 168360 | C40: 3323 | D40: 261 | E40: 336 | F40: 12.7 | G40: 9.9 | I40: 10530 | J40: 22392557 | K40: 2026-10-15 정규장 종가 | L40: 사용자 첨부 IMG_7104~7108 / 원문 https://m.blog.naver.com/stockvera/224440085158 | M40: https://polling.finance.naver.com/api/realtime/domestic/stock/168360 | N40: https://polling.finance.naver.com/api/realtime/domestic/stock/168360 | O40: 0.5073 | P40: IFRS연결 | Q40: 2026-10-14 | R40: https://comp.wisereport.co.kr/company/ajax/c1050001_data.aspx?flag=2&cmp_cd=168360&finGubun=MAIN&frq=0&sDT=20261014&chartType=image | S40: 2027.12(E) ROE 직접 제공값과 대조 일치. 백분율 단위·종목코드 확인. | T40: 146 | U40: 203 | V40: IFRS연결 | W40: https://comp.wisereport.co.kr/company/ajax/c1050001_data.aspx?flag=2&cmp_cd=168360&finGubun=MAIN&frq=0&sDT=20261014&chartType=image | X40: 27E 원표와 FnGuide 차이 10% 이내 또는 비교 자료 없음
A41: 와이씨켐 | B41: 112290 | C41: 2378 | D41: 186 | E41: 214 | F41: 12.8 | G41: 11.1 | I41: 9390 | J41: 20221090 | K41: 2026-10-15 정규장 종가 | L41: 사용자 첨부 IMG_7104~7108 / 원문 https://m.blog.naver.com/stockvera/224440085158 | M41: https://polling.finance.naver.com/api/realtime/domestic/stock/112290 | N41: https://polling.finance.naver.com/api/realtime/domestic/stock/112290 | O41: 0.3024 | P41: IFRS별도 | Q41: 2026-10-14 | R41: https://comp.wisereport.co.kr/company/ajax/c1050001_data.aspx?flag=2&cmp_cd=112290&finGubun=MAIN&frq=0&sDT=20261014&chartType=image | S41: 2027.12(E) ROE 직접 제공값과 대조 일치. 백분율 단위·종목코드 확인. | T41: 80 | U41: 95 | V41: IFRS별도 | W41: https://comp.wisereport.co.kr/company/ajax/c1050001_data.aspx?flag=2&cmp_cd=112290&finGubun=MAIN&frq=0&sDT=20261014&chartType=image | X41: 27E 원표와 FnGuide 차이 10% 이내 또는 비교 자료 없음
A42: 큐알티 | B42: 405100 | C42: 2047 | D42: 160 | E42: 215 | F42: 12.8 | G42: 9.5 | I42: 16630 | J42: 12289301 | K42: 2026-10-15 정규장 종가 | L42: 사용자 첨부 IMG_7104~7108 / 원문 https://m.blog.naver.com/stockvera/224440085158 | M42: https://polling.finance.naver.com/api/realtime/domestic/stock/405100 | N42: https://polling.finance.naver.com/api/realtime/domestic/stock/405100 | O42: 0.1624 | P42: IFRS연결 | Q42: 2026-10-14 | R42: https://comp.wisereport.co.kr/company/ajax/c1050001_data.aspx?flag=2&cmp_cd=405100&finGubun=MAIN&frq=0&sDT=20261014&chartType=image | S42: 2027.12(E) ROE 직접 제공값과 대조 일치. 백분율 단위·종목코드 확인. | T42: 90 | U42: 122 | V42: IFRS연결 | W42: https://comp.wisereport.co.kr/company/ajax/c1050001_data.aspx?flag=2&cmp_cd=405100&finGubun=MAIN&frq=0&sDT=20261014&chartType=image | X42: 27E 원표와 FnGuide 차이 10% 이내 또는 비교 자료 없음
A43: 오킨스전자 | B43: 080580 | C43: 5916 | D43: 456 | E43: 558 | F43: 13 | G43: 10.6 | I43: 23850 | J43: 21090955 | K43: 2026-10-15 정규장 종가 | L43: 사용자 첨부 IMG_7104~7108 / 원문 https://m.blog.naver.com/stockvera/224440085158 | M43: https://polling.finance.naver.com/api/realtime/domestic/stock/080580 | N43: https://polling.finance.naver.com/api/realtime/domestic/stock/080580 | O43: 0.4454 | P43: IFRS연결 | Q43: 2026-10-14 | R43: https://comp.wisereport.co.kr/company/ajax/c1050001_data.aspx?flag=2&cmp_cd=080580&finGubun=MAIN&frq=0&sDT=20261014&chartType=image | S43: 2027.12(E) ROE 직접 제공값과 대조 일치. 백분율 단위·종목코드 확인. | T43: 248 | U43: 296.5 | V43: IFRS연결 | W43: https://comp.wisereport.co.kr/company/ajax/c1050001_data.aspx?flag=2&cmp_cd=080580&finGubun=MAIN&frq=0&sDT=20261014&chartType=image | X43: 27E 원표와 FnGuide 차이 10% 이내 또는 비교 자료 없음
A44: GST | B44: 083450 | C44: 10000 | D44: 775 | E44: 946 | F44: 13.1 | G44: 10.8 | I44: 43600 | J44: 18430000 | K44: 2026-10-15 정규장 종가 | L44: 사용자 첨부 IMG_7104~7108 / 원문 https://m.blog.naver.com/stockvera/224440085158 | M44: https://polling.finance.naver.com/api/realtime/domestic/stock/083450 | N44: https://polling.finance.naver.com/api/realtime/domestic/stock/083450 | O44: 0.2019 | P44: IFRS연결 | Q44: 2026-10-14 | R44: https://comp.wisereport.co.kr/company/ajax/c1050001_data.aspx?flag=2&cmp_cd=083450&finGubun=MAIN&frq=0&sDT=20261014&chartType=image | S44: 2027.12(E) ROE 직접 제공값과 대조 일치. 백분율 단위·종목코드 확인. | T44: 627.33 | U44: 759 | V44: IFRS연결 | W44: https://comp.wisereport.co.kr/company/ajax/c1050001_data.aspx?flag=2&cmp_cd=083450&finGubun=MAIN&frq=0&sDT=20261014&chartType=image | X44: 27E 원표와 FnGuide 차이 10% 이내 또는 비교 자료 없음
A45: 비씨엔씨 | B45: 146320 | C45: 1447 | D45: 107 | E45: 162 | F45: 13.5 | G45: 8.9 | I45: 9540 | J45: 12797923 | K45: 2026-10-15 정규장 종가 | L45: 사용자 첨부 IMG_7104~7108 / 원문 https://m.blog.naver.com/stockvera/224440085158 | M45: https://polling.finance.naver.com/api/realtime/domestic/stock/146320 | N45: https://polling.finance.naver.com/api/realtime/domestic/stock/146320 | O45: 0.1214 | P45: IFRS연결 | Q45: 2026-10-14 | R45: https://comp.wisereport.co.kr/company/ajax/c1050001_data.aspx?flag=2&cmp_cd=146320&finGubun=MAIN&frq=0&sDT=20261014&chartType=image | S45: 2027.12(E) ROE 직접 제공값과 대조 일치. 백분율 단위·종목코드 확인. | T45: 43 | U45: 93 | V45: IFRS연결 | W45: https://comp.wisereport.co.kr/company/ajax/c1050001_data.aspx?flag=2&cmp_cd=146320&finGubun=MAIN&frq=0&sDT=20261014&chartType=image | X45: 27E 원표와 FnGuide 차이 10% 이내 또는 비교 자료 없음
A46: 예스티 | B46: 122640 | C46: 6712 | D46: 496 | E46: 656 | F46: 13.5 | G46: 10.2 | I46: 24150 | J46: 21651325 | K46: 2026-10-15 정규장 종가 | L46: 사용자 첨부 IMG_7104~7108 / 원문 https://m.blog.naver.com/stockvera/224440085158 | M46: https://polling.finance.naver.com/api/realtime/domestic/stock/122640 | N46: https://polling.finance.naver.com/api/realtime/domestic/stock/122640 | O46: 0.2834 | P46: IFRS연결 | Q46: 2026-10-14 | R46: https://comp.wisereport.co.kr/company/ajax/c1050001_data.aspx?flag=2&cmp_cd=122640&finGubun=MAIN&frq=0&sDT=20261014&chartType=image | S46: 2027.12(E) ROE 직접 제공값과 대조 일치. 백분율 단위·종목코드 확인. | T46: 182 | U46: 254 | V46: IFRS연결 | W46: https://comp.wisereport.co.kr/company/ajax/c1050001_data.aspx?flag=2&cmp_cd=122640&finGubun=MAIN&frq=0&sDT=20261014&chartType=image | X46: 27E 원표와 FnGuide 차이 10% 이내 또는 비교 자료 없음
A47: 브이엠 | B47: 089970 | C47: 16000 | D47: 1187 | E47: 1358 | F47: 13.9 | G47: 12.1 | I47: 45050 | J47: 26556065 | K47: 2026-10-15 정규장 종가 | L47: 사용자 첨부 IMG_7104~7108 / 원문 https://m.blog.naver.com/stockvera/224440085158 | M47: https://polling.finance.naver.com/api/realtime/domestic/stock/089970 | N47: https://polling.finance.naver.com/api/realtime/domestic/stock/089970 | O47: 0.396 | P47: IFRS연결 | Q47: 2026-10-14 | R47: https://comp.wisereport.co.kr/company/ajax/c1050001_data.aspx?flag=2&cmp_cd=089970&finGubun=MAIN&frq=0&sDT=20261014&chartType=image | S47: 2027.12(E) ROE 직접 제공값과 대조 일치. 백분율 단위·종목코드 확인. | T47: 810 | U47: 926 | V47: IFRS연결 | W47: https://comp.wisereport.co.kr/company/ajax/c1050001_data.aspx?flag=2&cmp_cd=089970&finGubun=MAIN&frq=0&sDT=20261014&chartType=image | X47: 27E 원표와 FnGuide 차이 10% 이내 또는 비교 자료 없음
A48: 한솔케미칼 | B48: 014680 | C48: 28000 | D48: 2038 | E48: 2276 | F48: 14 | G48: 12.5 | I48: 231500 | J48: 10794036 | K48: 2026-10-15 정규장 종가 | L48: 사용자 첨부 IMG_7104~7108 / 원문 https://m.blog.naver.com/stockvera/224440085158 | M48: https://polling.finance.naver.com/api/realtime/domestic/stock/014680 | N48: https://polling.finance.naver.com/api/realtime/domestic/stock/014680 | O48: 0.1576 | P48: IFRS연결 | Q48: 2026-10-14 | R48: https://comp.wisereport.co.kr/company/ajax/c1050001_data.aspx?flag=2&cmp_cd=014680&finGubun=MAIN&frq=0&sDT=20261014&chartType=image | S48: 2027.12(E) ROE 직접 제공값과 대조 일치. 백분율 단위·종목코드 확인. | T48: 1681 | U48: 1789.33 | V48: IFRS연결 | W48: https://comp.wisereport.co.kr/company/ajax/c1050001_data.aspx?flag=2&cmp_cd=014680&finGubun=MAIN&frq=0&sDT=20261014&chartType=image | X48: 27E 원표와 FnGuide 차이 10% 이내 또는 비교 자료 없음
A49: 에이디테크놀로지 | B49: 200710 | C49: 3514 | D49: 251 | E49: 307 | F49: 14 | G49: 11.4 | I49: 20300 | J49: 13462007 | K49: 2026-10-15 정규장 종가 | L49: 사용자 첨부 IMG_7104~7108 / 원문 https://m.blog.naver.com/stockvera/224440085158 | M49: https://polling.finance.naver.com/api/realtime/domestic/stock/200710 | N49: https://polling.finance.naver.com/api/realtime/domestic/stock/200710 | O49: 0.1363 | P49: IFRS연결 | Q49: 2026-10-14 | R49: https://comp.wisereport.co.kr/company/ajax/c1050001_data.aspx?flag=2&cmp_cd=200710&finGubun=MAIN&frq=0&sDT=20261014&chartType=image | S49: 2027.12(E) ROE 직접 제공값과 대조 일치. 백분율 단위·종목코드 확인. | T49: 59 | U49: 74.5 | V49: IFRS연결 | W49: https://comp.wisereport.co.kr/company/ajax/c1050001_data.aspx?flag=2&cmp_cd=200710&finGubun=MAIN&frq=0&sDT=20261014&chartType=image | X49: 순이익: 기존 27E 251.00억원 vs FnGuide 207.50억원 (-17.3%); 영업이익: 기존 27E 307.00억원 vs FnGuide 238.00억원 (-22.5%)
A50: 덕산하이메탈 | B50: 077360 | C50: 6075 | D50: 434 | E50: 577 | F50: 14 | G50: 10.5 | I50: 10400 | J50: 45437002 | K50: 2026-10-15 정규장 종가 | L50: 사용자 첨부 IMG_7104~7108 / 원문 https://m.blog.naver.com/stockvera/224440085158 | M50: https://polling.finance.naver.com/api/realtime/domestic/stock/077360 | N50: https://polling.finance.naver.com/api/realtime/domestic/stock/077360 | O50: 0.1656 | P50: IFRS연결 | Q50: 2026-10-14 | R50: https://comp.wisereport.co.kr/company/ajax/c1050001_data.aspx?flag=2&cmp_cd=077360&finGubun=MAIN&frq=0&sDT=20261014&chartType=image | S50: 2027.12(E) ROE 직접 제공값과 대조 일치. 백분율 단위·종목코드 확인. | T50: 315.33 | U50: 343.4 | V50: IFRS연결 | W50: https://comp.wisereport.co.kr/company/ajax/c1050001_data.aspx?flag=2&cmp_cd=077360&finGubun=MAIN&frq=0&sDT=20261014&chartType=image | X50: 27E 원표와 FnGuide 차이 10% 이내 또는 비교 자료 없음
... A52: 네패스아크 | B52: 330860 | C52: 3942 | D52: 276 | E52: 382 | F52: 14.3 | G52: 10.3 | I52: 24100 | J52: 12184045 | K52: 2026-10-15 정규장 종가 | L52: 사용자 첨부 IMG_7104~7108 / 원문 https://m.blog.naver.com/stockvera/224440085158 | M52: https://polling.finance.naver.com/api/realtime/domestic/stock/330860 | N52: https://polling.finance.naver.com/api/realtime/domestic/stock/330860 | O52: 0.1364 | P52: IFRS별도 | Q52: 2026-10-14 | R52: https://comp.wisereport.co.kr/company/ajax/c1050001_data.aspx?flag=2&cmp_cd=330860&finGubun=MAIN&frq=0&sDT=20261014&chartType=image | S52: 2027.12(E) ROE 직접 제공값과 대조 일치. 백분율 단위·종목코드 확인. | T52: 199 | U52: 257.33 | V52: IFRS별도 | W52: https://comp.wisereport.co.kr/company/ajax/c1050001_data.aspx?flag=2&cmp_cd=330860&finGubun=MAIN&frq=0&sDT=20261014&chartType=image | X52: 27E 원표와 FnGuide 차이 10% 이내 또는 비교 자료 없음
A53: 네패스 | B53: 033640 | C53: 7194 | D53: 492 | E53: 858 | F53: 14.6 | G53: 8.4 | H53: † | I53: 23850 | J53: 23059202 | K53: 2026-10-15 정규장 종가 | L53: 사용자 첨부 IMG_7104~7108 / 원문 https://m.blog.naver.com/stockvera/224440085158 | M53: https://polling.finance.naver.com/api/realtime/domestic/stock/033640 | N53: https://polling.finance.naver.com/api/realtime/domestic/stock/033640 | O53: 0.2456 | P53: IFRS연결 | Q53: 2026-10-14 | R53: https://comp.wisereport.co.kr/company/ajax/c1050001_data.aspx?flag=2&cmp_cd=033640&finGubun=MAIN&frq=0&sDT=20261014&chartType=image | S53: 2027.12(E) ROE 직접 제공값과 대조 일치. 백분율 단위·종목코드 확인. | T53: 303.33 | U53: 548.67 | V53: IFRS연결 | W53: https://comp.wisereport.co.kr/company/ajax/c1050001_data.aspx?flag=2&cmp_cd=033640&finGubun=MAIN&frq=0&sDT=20261014&chartType=image | X53: 순이익: 기존 27E 492.00억원 vs FnGuide 432.67억원 (-12.1%)
A54: 코리아써키트 | B54: 007810 | C54: 19000 | D54: 1223 | E54: 1594 | F54: 15.8 | G54: 12.1 | H54: † | I54: 62300 | J54: 23982620 | K54: 2026-10-15 정규장 종가 | L54: 사용자 첨부 IMG_7104~7108 / 원문 https://m.blog.naver.com/stockvera/224440085158 | M54: https://polling.finance.naver.com/api/realtime/domestic/stock/007810 | N54: https://polling.finance.naver.com/api/realtime/domestic/stock/007810 | O54: 0.2099 | P54: IFRS연결 | Q54: 2026-10-14 | R54: https://comp.wisereport.co.kr/company/ajax/c1050001_data.aspx?flag=2&cmp_cd=007810&finGubun=MAIN&frq=0&sDT=20261014&chartType=image | S54: 2027.12(E) ROE 직접 제공값과 대조 일치. 백분율 단위·종목코드 확인. | T54: 849 | U54: 970.5 | V54: IFRS연결 | W54: https://comp.wisereport.co.kr/company/ajax/c1050001_data.aspx?flag=2&cmp_cd=007810&finGubun=MAIN&frq=0&sDT=20261014&chartType=image | X54: 27E 원표와 FnGuide 차이 10% 이내 또는 비교 자료 없음
A55: 티에프이 | B55: 425420 | C55: 7803 | D55: 482 | E55: 536 | F55: 16.2 | G55: 14.6 | I55: 52200 | J55: 12347181 | K55: 2026-10-15 정규장 종가 | L55: 사용자 첨부 IMG_7104~7108 / 원문 https://m.blog.naver.com/stockvera/224440085158 | M55: https://polling.finance.naver.com/api/realtime/domestic/stock/425420 | N55: https://polling.finance.naver.com/api/realtime/domestic/stock/425420 | O55: 0.2431 | P55: IFRS연결 | Q55: 2026-10-14 | R55: https://comp.wisereport.co.kr/company/ajax/c1050001_data.aspx?flag=2&cmp_cd=425420&finGubun=MAIN&frq=0&sDT=20261014&chartType=image | S55: 2027.12(E) ROE 직접 제공값과 대조 일치. 백분율 단위·종목코드 확인. | T55: 328.5 | U55: 360 | V55: IFRS연결 | W55: https://comp.wisereport.co.kr/company/ajax/c1050001_data.aspx?flag=2&cmp_cd=425420&finGubun=MAIN&frq=0&sDT=20261014&chartType=image | X55: 27E 원표와 FnGuide 차이 10% 이내 또는 비교 자료 없음
A56: 인텍플러스 | B56: 064290 | C56: 7435 | D56: 451 | E56: 543 | F56: 16.5 | G56: 13.7 | I56: 50000 | J56: 12998378 | K56: 2026-10-15 정규장 종가 | L56: 사용자 첨부 IMG_7104~7108 / 원문 https://m.blog.naver.com/stockvera/224440085158 | M56: https://polling.finance.naver.com/api/realtime/domestic/stock/064290 | N56: https://polling.finance.naver.com/api/realtime/domestic/stock/064290 | O56: 0.6417 | P56: IFRS연결 | Q56: 2026-10-14 | R56: https://comp.wisereport.co.kr/company/ajax/c1050001_data.aspx?flag=2&cmp_cd=064290&finGubun=MAIN&frq=0&sDT=20261014&chartType=image | S56: 2027.12(E) ROE 직접 제공값과 대조 일치. 백분율 단위·종목코드 확인. | T56: 43 | U56: 71.75 | V56: IFRS연결 | W56: https://comp.wisereport.co.kr/company/ajax/c1050001_data.aspx?flag=2&cmp_cd=064290&finGubun=MAIN&frq=0&sDT=20261014&chartType=image | X56: 27E 원표와 FnGuide 차이 10% 이내 또는 비교 자료 없음
A57: 넥스틴 | B57: 348210 | C57: 3877 | D57: 232 | E57: 281 | F57: 16.7 | G57: 13.8 | I57: 29300 | J57: 10477005 | K57: 2026-10-15 정규장 종가 | L57: 사용자 첨부 IMG_7104~7108 / 원문 https://m.blog.naver.com/stockvera/224440085158 | M57: https://polling.finance.naver.com/api/realtime/domestic/stock/348210 | N57: https://polling.finance.naver.com/api/realtime/domestic/stock/348210 | O57: 0.1414 | P57: IFRS연결 | Q57: 2026-10-14 | R57: https://comp.wisereport.co.kr/company/ajax/c1050001_data.aspx?flag=2&cmp_cd=348210&finGubun=MAIN&frq=0&sDT=20261014&chartType=image | S57: 2027.12(E) ROE 직접 제공값과 대조 일치. 백분율 단위·종목코드 확인. | T57: 69.33 | U57: 66.67 | V57: IFRS연결 | W57: https://comp.wisereport.co.kr/company/ajax/c1050001_data.aspx?flag=2&cmp_cd=348210&finGubun=MAIN&frq=0&sDT=20261014&chartType=image | X57: 27E 원표와 FnGuide 차이 10% 이내 또는 비교 자료 없음
A58: 심텍 | B58: 222800 | C58: 60000 | D58: 3392 | E58: 4385 | F58: 17.6 | G58: 13.6 | I58: 120400 | J58: 38484526 | K58: 2026-10-15 정규장 종가 | L58: 사용자 첨부 IMG_7104~7108 / 원문 https://m.blog.naver.com/stockvera/224440085158 | M58: https://polling.finance.naver.com/api/realtime/domestic/stock/222800 | N58: https://polling.finance.naver.com/api/realtime/domestic/stock/222800 | O58: 0.3648 | P58: IFRS연결 | Q58: 2026-10-14 | R58: https://comp.wisereport.co.kr/company/ajax/c1050001_data.aspx?flag=2&cmp_cd=222800&finGubun=MAIN&frq=0&sDT=20261014&chartType=image | S58: 2027.12(E) ROE 직접 제공값과 대조 일치. 백분율 단위·종목코드 확인. | T58: 1971.22 | U58: 2593.4 | V58: IFRS연결 | W58: https://comp.wisereport.co.kr/company/ajax/c1050001_data.aspx?flag=2&cmp_cd=222800&finGubun=MAIN&frq=0&sDT=20261014&chartType=image | X58: 27E 원표와 FnGuide 차이 10% 이내 또는 비교 자료 없음
A59: 엑시콘 | B59: 092870 | C59: 7400 | D59: 415 | E59: 413 | F59: 17.8 | G59: 17.9 | I59: 44200 | J59: 13050797 | K59: 2026-10-15 정규장 종가 | L59: 사용자 첨부 IMG_7104~7108 / 원문 https://m.blog.naver.com/stockvera/224440085158 | M59: https://polling.finance.naver.com/api/realtime/domestic/stock/092870 | N59: https://polling.finance.naver.com/api/realtime/domestic/stock/092870 | O59: 0.1704 | P59: IFRS연결 | Q59: 2026-10-14 | R59: https://comp.wisereport.co.kr/company/ajax/c1050001_data.aspx?flag=2&cmp_cd=092870&finGubun=MAIN&frq=0&sDT=20261014&chartType=image | S59: 2027.12(E) ROE 직접 제공값과 대조 일치. 백분율 단위·종목코드 확인. | T59: 267.67 | U59: 216.33 | V59: IFRS연결 | W59: https://comp.wisereport.co.kr/company/ajax/c1050001_data.aspx?flag=2&cmp_cd=092870&finGubun=MAIN&frq=0&sDT=20261014&chartType=image | X59: 27E 원표와 FnGuide 차이 10% 이내 또는 비교 자료 없음
A60: 티엘비 | B60: 356860 | C60: 12000 | D60: 665 | E60: 828 | F60: 18.2 | G60: 14.6 | I60: 37600 | J60: 23701260 | K60: 2026-10-15 정규장 종가 | L60: 사용자 첨부 IMG_7104~7108 / 원문 https://m.blog.naver.com/stockvera/224440085158 | M60: https://polling.finance.naver.com/api/realtime/domestic/stock/356860 | N60: https://polling.finance.naver.com/api/realtime/domestic/stock/356860 | O60: 0.2489 | P60: IFRS연결 | Q60: 2026-10-14 | R60: https://comp.wisereport.co.kr/company/ajax/c1050001_data.aspx?flag=2&cmp_cd=356860&finGubun=MAIN&frq=0&sDT=20261014&chartType=image | S60: 2027.12(E) ROE 직접 제공값과 대조 일치. 백분율 단위·종목코드 확인. | T60: 459.5 | U60: 568.27 | V60: IFRS연결 | W60: https://comp.wisereport.co.kr/company/ajax/c1050001_data.aspx?flag=2&cmp_cd=356860&finGubun=MAIN&frq=0&sDT=20261014&chartType=image | X60: 27E 원표와 FnGuide 차이 10% 이내 또는 비교 자료 없음
A61: 티에스이 | B61: 131290 | C61: 34000 | D61: 1870 | E61: 2470 | F61: 18.2 | G61: 13.8 | H61: † | I61: 261000 | J61: 11061429 | K61: 2026-10-15 정규장 종가 | L61: 사용자 첨부 IMG_7104~7108 / 원문 https://m.blog.naver.com/stockvera/224440085158 | M61: https://polling.finance.naver.com/api/realtime/domestic/stock/131290 | N61: https://polling.finance.naver.com/api/realtime/domestic/stock/131290 | O61: 0.3032 | P61: IFRS연결 | Q61: 2026-10-14 | R61: https://comp.wisereport.co.kr/company/ajax/c1050001_data.aspx?flag=2&cmp_cd=131290&finGubun=MAIN&frq=0&sDT=20261014&chartType=image | S61: 2027.12(E) ROE 직접 제공값과 대조 일치. 백분율 단위·종목코드 확인. | T61: 1437.33 | U61: 1918.33 | V61: IFRS연결 | W61: https://comp.wisereport.co.kr/company/ajax/c1050001_data.aspx?flag=2&cmp_cd=131290&finGubun=MAIN&frq=0&sDT=20261014&chartType=image | X61: 27E 원표와 FnGuide 차이 10% 이내 또는 비교 자료 없음
A62: 파두 | B62: 440110 | C62: 39000 | D62: 2026 | E62: 2266 | F62: 19 | G62: 17 | I62: 56400 | J62: 50111027 | K62: 2026-10-15 정규장 종가 | L62: 사용자 첨부 IMG_7104~7108 / 원문 https://m.blog.naver.com/stockvera/224440085158 | M62: https://polling.finance.naver.com/api/realtime/domestic/stock/440110 | N62: https://polling.finance.naver.com/api/realtime/domestic/stock/440110 | O62: 0.9121 | P62: IFRS연결 | Q62: 2026-10-14 | R62: https://comp.wisereport.co.kr/company/ajax/c1050001_data.aspx?flag=2&cmp_cd=440110&finGubun=MAIN&frq=0&sDT=20261014&chartType=image | S62: 2027.12(E) ROE 직접 제공값과 대조 일치. 백분율 단위·종목코드 확인. | T62: 544.5 | U62: 928.5 | V62: IFRS연결 | W62: https://comp.wisereport.co.kr/company/ajax/c1050001_data.aspx?flag=2&cmp_cd=440110&finGubun=MAIN&frq=0&sDT=20261014&chartType=image | X62: 27E 원표와 FnGuide 차이 10% 이내 또는 비교 자료 없음
A63: 디아이 | B63: 003160 | C63: 12000 | D63: 625 | E63: 1446 | F63: 19.2 | G63: 8.3 | H63: † | I63: 35150 | J63: 28300000 | K63: 2026-10-15 정규장 종가 | L63: 사용자 첨부 IMG_7104~7108 / 원문 https://m.blog.naver.com/stockvera/224440085158 | M63: https://polling.finance.naver.com/api/realtime/domestic/stock/003160 | N63: https://polling.finance.naver.com/api/realtime/domestic/stock/003160 | O63: 0.2617 | P63: IFRS연결 | Q63: 2026-10-14 | R63: https://comp.wisereport.co.kr/company/ajax/c1050001_data.aspx?flag=2&cmp_cd=003160&finGubun=MAIN&frq=0&sDT=20261014&chartType=image | S63: 2027.12(E) ROE 직접 제공값과 대조 일치. 백분율 단위·종목코드 확인. | T63: 601.75 | U63: 1162.6 | V63: IFRS연결 | W63: https://comp.wisereport.co.kr/company/ajax/c1050001_data.aspx?flag=2&cmp_cd=003160&finGubun=MAIN&frq=0&sDT=20261014&chartType=image | X63: 순이익: 기존 27E 625.00억원 vs FnGuide 708.67억원 (+13.4%)
A64: 기가비스 | B64: 420770 | C64: 16000 | D64: 818 | E64: 972 | F64: 20 | G64: 16.8 | I64: 108400 | J64: 12675758 | K64: 2026-10-15 정규장 종가 | L64: 사용자 첨부 IMG_7104~7108 / 원문 https://m.blog.naver.com/stockvera/224440085158 | M64: https://polling.finance.naver.com/api/realtime/domestic/stock/420770 | N64: https://polling.finance.naver.com/api/realtime/domestic/stock/420770 | O64: 0.3073 | P64: IFRS연결 | Q64: 2026-10-14 | R64: https://comp.wisereport.co.kr/company/ajax/c1050001_data.aspx?flag=2&cmp_cd=420770&finGubun=MAIN&frq=0&sDT=20261014&chartType=image | S64: 2027.12(E) ROE 직접 제공값과 대조 일치. 백분율 단위·종목코드 확인. | T64: 310.75 | U64: 333.62 | V64: IFRS연결 | W64: https://comp.wisereport.co.kr/company/ajax/c1050001_data.aspx?flag=2&cmp_cd=420770&finGubun=MAIN&frq=0&sDT=20261014&chartType=image | X64: 27E 원표와 FnGuide 차이 10% 이내 또는 비교 자료 없음
A65: 사피엔반도체 | B65: 452430 | C65: 2700 | D65: 134 | E65: 134 | F65: 20.1 | G65: 20.1 | I65: 27700 | J65: 8255421 | K65: 2026-10-15 정규장 종가 | L65: 사용자 첨부 IMG_7104~7108 / 원문 https://m.blog.naver.com/stockvera/224440085158 | M65: https://polling.finance.naver.com/api/realtime/domestic/stock/452430 | N65: https://polling.finance.naver.com/api/realtime/domestic/stock/452430 | O65: 0.5876 | P65: IFRS별도 | Q65: 2026-10-14 | R65: https://comp.wisereport.co.kr/company/ajax/c1050001_data.aspx?flag=2&cmp_cd=452430&finGubun=MAIN&frq=0&sDT=20261014&chartType=image | S65: 2027.12(E) ROE 직접 제공값과 대조 일치. 백분율 단위·종목코드 확인. | T65: 12 | U65: 12.33 | V65: IFRS별도 | W65: https://comp.wisereport.co.kr/company/ajax/c1050001_data.aspx?flag=2&cmp_cd=452430&finGubun=MAIN&frq=0&sDT=20261014&chartType=image | X65: 27E 원표와 FnGuide 차이 10% 이내 또는 비교 자료 없음
A66: 네오셈 | B66: 253590 | C66: 6883 | D66: 338 | E66: 389 | F66: 20.4 | G66: 17.7 | H66: † | I66: 12500 | J66: 43869164 | K66: 2026-10-15 정규장 종가 | L66: 사용자 첨부 IMG_7104~7108 / 원문 https://m.blog.naver.com/stockvera/224440085158 | M66: https://polling.finance.naver.com/api/realtime/domestic/stock/253590 | N66: https://polling.finance.naver.com/api/realtime/domestic/stock/253590 | O66: 0.2253 | P66: IFRS연결 | Q66: 2026-10-14 | R66: https://comp.wisereport.co.kr/company/ajax/c1050001_data.aspx?flag=2&cmp_cd=253590&finGubun=MAIN&frq=0&sDT=20261014&chartType=image | S66: 2027.12(E) ROE 직접 제공값과 대조 일치. 백분율 단위·종목코드 확인. | T66: 257.5 | U66: 279.4 | V66: IFRS연결 | W66: https://comp.wisereport.co.kr/company/ajax/c1050001_data.aspx?flag=2&cmp_cd=253590&finGubun=MAIN&frq=0&sDT=20261014&chartType=image | X66: 27E 원표와 FnGuide 차이 10% 이내 또는 비교 자료 없음
A67: 세미파이브 | B67: 490470 | C67: 6890 | D67: 337 | E67: 358 | F67: 20.4 | G67: 19.2 | I67: 15450 | J67: 34025440 | K67: 2026-10-15 정규장 종가 | L67: 사용자 첨부 IMG_7104~7108 / 원문 https://m.blog.naver.com/stockvera/224440085158 | M67: https://polling.finance.naver.com/api/realtime/domestic/stock/490470 | N67: https://polling.finance.naver.com/api/realtime/domestic/stock/490470 | O67: 0.1438 | P67: IFRS연결 | Q67: 2026-10-14 | R67: https://comp.wisereport.co.kr/company/ajax/c1050001_data.aspx?flag=2&cmp_cd=490470&finGubun=MAIN&frq=0&sDT=20261014&chartType=image | S67: 2027.12(E) ROE 직접 제공값과 대조 일치. 백분율 단위·종목코드 확인. | T67: -14.5 | U67: 3 | V67: IFRS연결 | W67: https://comp.wisereport.co.kr/company/ajax/c1050001_data.aspx?flag=2&cmp_cd=490470&finGubun=MAIN&frq=0&sDT=20261014&chartType=image | X67: 27E 원표와 FnGuide 차이 10% 이내 또는 비교 자료 없음
A68: 피에스케이 | B68: 319660 | C68: 41000 | D68: 1981 | E68: 2325 | F68: 20.5 | G68: 17.4 | I68: 114800 | J68: 28966714 | K68: 2026-10-15 정규장 종가 | L68: 사용자 첨부 IMG_7104~7108 / 원문 https://m.blog.naver.com/stockvera/224440085158 | M68: https://polling.finance.naver.com/api/realtime/domestic/stock/319660 | N68: https://polling.finance.naver.com/api/realtime/domestic/stock/319660 | O68: 0.2558 | P68: IFRS연결 | Q68: 2026-10-14 | R68: https://comp.wisereport.co.kr/company/ajax/c1050001_data.aspx?flag=2&cmp_cd=319660&finGubun=MAIN&frq=0&sDT=20261014&chartType=image | S68: 2027.12(E) ROE 직접 제공값과 대조 일치. 백분율 단위·종목코드 확인. | T68: 1650.5 | U68: 1915 | V68: IFRS연결 | W68: https://comp.wisereport.co.kr/company/ajax/c1050001_data.aspx?flag=2&cmp_cd=319660&finGubun=MAIN&frq=0&sDT=20261014&chartType=image | X68: 27E 원표와 FnGuide 차이 10% 이내 또는 비교 자료 없음
A69: 이수페타시스 | B69: 007660 | C69: 89000 | D69: 4240 | E69: 5292 | F69: 20.9 | G69: 16.8 | I69: 92100 | J69: 73409219 | K69: 2026-10-15 정규장 종가 | L69: 사용자 첨부 IMG_7104~7108 / 원문 https://m.blog.naver.com/stockvera/224440085158 | M69: https://polling.finance.naver.com/api/realtime/domestic/stock/007660 | N69: https://polling.finance.naver.com/api/realtime/domestic/stock/007660 | O69: 0.347 | P69: IFRS연결 | Q69: 2026-10-14 | R69: https://comp.wisereport.co.kr/company/ajax/c1050001_data.aspx?flag=2&cmp_cd=007660&finGubun=MAIN&frq=0&sDT=20261014&chartType=image | S69: 2027.12(E) ROE 직접 제공값과 대조 일치. 백분율 단위·종목코드 확인. | T69: 2743 | U69: 3491.33 | V69: IFRS연결 | W69: https://comp.wisereport.co.kr/company/ajax/c1050001_data.aspx?flag=2&cmp_cd=007660&finGubun=MAIN&frq=0&sDT=20261014&chartType=image | X69: 27E 원표와 FnGuide 차이 10% 이내 또는 비교 자료 없음
A70: 후성 | B70: 093370 | C70: 15000 | D70: 717 | E70: 1057 | F70: 21.4 | G70: 14.5 | H70: † | I70: 11800 | J70: 107255330 | K70: 2026-10-15 정규장 종가 | L70: 사용자 첨부 IMG_7104~7108 / 원문 https://m.blog.naver.com/stockvera/224440085158 | M70: https://polling.finance.naver.com/api/realtime/domestic/stock/093370 | N70: https://polling.finance.naver.com/api/realtime/domestic/stock/093370 | O70: 0.1775 | P70: IFRS연결 | Q70: 2026-10-14 | R70: https://comp.wisereport.co.kr/company/ajax/c1050001_data.aspx?flag=2&cmp_cd=093370&finGubun=MAIN&frq=0&sDT=20261014&chartType=image | S70: 2027.12(E) ROE 직접 제공값과 대조 일치. 백분율 단위·종목코드 확인. | T70: 402 | U70: 765 | V70: IFRS연결 | W70: https://comp.wisereport.co.kr/company/ajax/c1050001_data.aspx?flag=2&cmp_cd=093370&finGubun=MAIN&frq=0&sDT=20261014&chartType=image | X70: 27E 원표와 FnGuide 차이 10% 이내 또는 비교 자료 없음
A71: 피에스케이홀딩스 | B71: 031980 | C71: 43000 | D71: 2019 | E71: 1657 | F71: 21.5 | G71: 26.2 | I71: 179700 | J71: 21562395 | K71: 2026-10-15 정규장 종가 | L71: 사용자 첨부 IMG_7104~7108 / 원문 https://m.blog.naver.com/stockvera/224440085158 | M71: https://polling.finance.naver.com/api/realtime/domestic/stock/031980 | N71: https://polling.finance.naver.com/api/realtime/domestic/stock/031980 | O71: 0.2926 | P71: IFRS연결 | Q71: 2026-10-14 | R71: https://comp.wisereport.co.kr/company/ajax/c1050001_data.aspx?flag=2&cmp_cd=031980&finGubun=MAIN&frq=0&sDT=20261014&chartType=image | S71: 2027.12(E) ROE 직접 제공값과 대조 일치. 백분율 단위·종목코드 확인. | T71: 1436.4 | U71: 1103.2 | V71: IFRS연결 | W71: https://comp.wisereport.co.kr/company/ajax/c1050001_data.aspx?flag=2&cmp_cd=031980&finGubun=MAIN&frq=0&sDT=20261014&chartType=image | X71: 27E 원표와 FnGuide 차이 10% 이내 또는 비교 자료 없음
A72: 대덕전자 | B72: 353200 | C72: 73000 | D72: 3323 | E72: 4098 | F72: 21.8 | G72: 17.7 | I72: 122700 | J72: 49416925 | K72: 2026-10-15 정규장 종가 | L72: 사용자 첨부 IMG_7104~7108 / 원문 https://m.blog.naver.com/stockvera/224440085158 | M72: https://polling.finance.naver.com/api/realtime/domestic/stock/353200 | N72: https://polling.finance.naver.com/api/realtime/domestic/stock/353200 | O72: 0.2657 | P72: IFRS연결 | Q72: 2026-10-14 | R72: https://comp.wisereport.co.kr/company/ajax/c1050001_data.aspx?flag=2&cmp_cd=353200&finGubun=MAIN&frq=0&sDT=20261014&chartType=image | S72: 2027.12(E) ROE 직접 제공값과 대조 일치. 백분율 단위·종목코드 확인. | T72: 2319.42 | U72: 2775 | V72: IFRS연결 | W72: https://comp.wisereport.co.kr/company/ajax/c1050001_data.aspx?flag=2&cmp_cd=353200&finGubun=MAIN&frq=0&sDT=20261014&chartType=image | X72: 27E 원표와 FnGuide 차이 10% 이내 또는 비교 자료 없음
A73: 샘씨엔에스 | B73: 252990 | C73: 11000 | D73: 470 | E73: 469 | F73: 22.7 | G73: 22.8 | I73: 14320 | J73: 60217889 | K73: 2026-10-15 정규장 종가 | L73: 사용자 첨부 IMG_7104~7108 / 원문 https://m.blog.naver.com/stockvera/224440085158 | M73: https://polling.finance.naver.com/api/realtime/domestic/stock/252990 | N73: https://polling.finance.naver.com/api/realtime/domestic/stock/252990 | O73: 0.2073 | P73: IFRS별도 | Q73: 2026-10-14 | R73: https://comp.wisereport.co.kr/company/ajax/c1050001_data.aspx?flag=2&cmp_cd=252990&finGubun=MAIN&frq=0&sDT=20261014&chartType=image | S73: 2027.12(E) ROE 직접 제공값과 대조 일치. 백분율 단위·종목코드 확인. | T73: 358.33 | U73: 348.67 | V73: IFRS별도 | W73: https://comp.wisereport.co.kr/company/ajax/c1050001_data.aspx?flag=2&cmp_cd=252990&finGubun=MAIN&frq=0&sDT=20261014&chartType=image | X73: 27E 원표와 FnGuide 차이 10% 이내 또는 비교 자료 없음
A74: 코미코 | B74: 183300 | C74: 16000 | D74: 720 | E74: 1630 | F74: 22.8 | G74: 10.1 | H74: † | I74: 23900 | J74: 51363275 | K74: 2026-10-15 정규장 종가 | L74: 사용자 첨부 IMG_7104~7108 / 원문 https://m.blog.naver.com/stockvera/224440085158 | M74: https://polling.finance.naver.com/api/realtime/domestic/stock/183300 | N74: https://polling.finance.naver.com/api/realtime/domestic/stock/183300 | O74: 0.1989 | P74: IFRS연결 | Q74: 2026-10-14 | R74: https://comp.wisereport.co.kr/company/ajax/c1050001_data.aspx?flag=2&cmp_cd=183300&finGubun=MAIN&frq=0&sDT=20261014&chartType=image | S74: 2027.12(E) ROE 직접 제공값과 대조 일치. 백분율 단위·종목코드 확인. | T74: 540 | U74: 1200 | V74: IFRS연결 | W74: https://comp.wisereport.co.kr/company/ajax/c1050001_data.aspx?flag=2&cmp_cd=183300&finGubun=MAIN&frq=0&sDT=20261014&chartType=image | X74: 27E 원표와 FnGuide 차이 10% 이내 또는 비교 자료 없음
A75: 테스 | B75: 095610 | C75: 31000 | D75: 1347 | E75: 1410 | F75: 23.3 | G75: 22.2 | I75: 120000 | J75: 19360000 | K75: 2026-10-15 정규장 종가 | L75: 사용자 첨부 IMG_7104~7108 / 원문 https://m.blog.naver.com/stockvera/224440085158 | M75: https://polling.finance.naver.com/api/realtime/domestic/stock/095610 | N75: https://polling.finance.naver.com/api/realtime/domestic/stock/095610 | O75: 0.2416 | P75: IFRS연결 | Q75: 2026-10-14 | R75: https://comp.wisereport.co.kr/company/ajax/c1050001_data.aspx?flag=2&cmp_cd=095610&finGubun=MAIN&frq=0&sDT=20261014&chartType=image | S75: 2027.12(E) ROE 직접 제공값과 대조 일치. 백분율 단위·종목코드 확인. | T75: 1059.5 | U75: 1037.57 | V75: IFRS연결 | W75: https://comp.wisereport.co.kr/company/ajax/c1050001_data.aspx?flag=2&cmp_cd=095610&finGubun=MAIN&frq=0&sDT=20261014&chartType=image | X75: 27E 원표와 FnGuide 차이 10% 이내 또는 비교 자료 없음
A76: 티씨케이 | B76: 064760 | C76: 32000 | D76: 1396 | E76: 1682 | F76: 23.3 | G76: 19.3 | I76: 219000 | J76: 11179416 | K76: 2026-10-15 정규장 종가 | L76: 사용자 첨부 IMG_7104~7108 / 원문 https://m.blog.naver.com/stockvera/224440085158 | M76: https://polling.finance.naver.com/api/realtime/domestic/stock/064760 | N76: https://polling.finance.naver.com/api/realtime/domestic/stock/064760 | O76: 0.2101 | P76: IFRS별도 | Q76: 2026-10-14 | R76: https://comp.wisereport.co.kr/company/ajax/c1050001_data.aspx?flag=2&cmp_cd=064760&finGubun=MAIN&frq=0&sDT=20261014&chartType=image | S76: 2027.12(E) ROE 직접 제공값과 대조 일치. 백분율 단위·종목코드 확인. | T76: 1072.17 | U76: 1241.83 | V76: IFRS별도 | W76: https://comp.wisereport.co.kr/company/ajax/c1050001_data.aspx?flag=2&cmp_cd=064760&finGubun=MAIN&frq=0&sDT=20261014&chartType=image | X76: 27E 원표와 FnGuide 차이 10% 이내 또는 비교 자료 없음
A77: 칩스앤미디어 | B77: 094360 | C77: 2573 | D77: 110 | E77: 93 | F77: 23.3 | G77: 27.7 | I77: 10840 | J77: 21355274 | K77: 2026-10-15 정규장 종가 | L77: 사용자 첨부 IMG_7104~7108 / 원문 https://m.blog.naver.com/stockvera/224440085158 | M77: https://polling.finance.naver.com/api/realtime/domestic/stock/094360 | N77: https://polling.finance.naver.com/api/realtime/domestic/stock/094360 | O77: 0.1294 | P77: IFRS연결 | Q77: 2026-10-14 | R77: https://comp.wisereport.co.kr/company/ajax/c1050001_data.aspx?flag=2&cmp_cd=094360&finGubun=MAIN&frq=0&sDT=20261014&chartType=image | S77: 2027.12(E) ROE 직접 제공값과 대조 일치. 백분율 단위·종목코드 확인. | T77: 95 | U77: 70 | V77: IFRS연결 | W77: https://comp.wisereport.co.kr/company/ajax/c1050001_data.aspx?flag=2&cmp_cd=094360&finGubun=MAIN&frq=0&sDT=20261014&chartType=image | X77: 27E 원표와 FnGuide 차이 10% 이내 또는 비교 자료 없음
A78: 에이직랜드 | B78: 445090 | C78: 2333 | D78: 92 | E78: 92 | F78: 25.4 | G78: 25.4 | I78: 17630 | J78: 10925658 | K78: 2026-10-15 정규장 종가 | L78: 사용자 첨부 IMG_7104~7108 / 원문 https://m.blog.naver.com/stockvera/224440085158 | M78: https://polling.finance.naver.com/api/realtime/domestic/stock/445090 | N78: https://polling.finance.naver.com/api/realtime/domestic/stock/445090 | O78: 0.1396 | P78: IFRS연결 | Q78: 2026-10-14 | R78: https://comp.wisereport.co.kr/company/ajax/c1050001_data.aspx?flag=2&cmp_cd=445090&finGubun=MAIN&frq=0&sDT=20261014&chartType=image | S78: 2027.12(E) ROE 직접 제공값과 대조 일치. 백분율 단위·종목코드 확인. | T78: 60 | U78: 50 | V78: IFRS연결 | W78: https://comp.wisereport.co.kr/company/ajax/c1050001_data.aspx?flag=2&cmp_cd=445090&finGubun=MAIN&frq=0&sDT=20261014&chartType=image | X78: 27E 원표와 FnGuide 차이 10% 이내 또는 비교 자료 없음
A79: 두산테스나 | B79: 131970 | C79: 24000 | D79: 907 | E79: 1098 | F79: 26.4 | G79: 21.8 | I79: 116000 | J79: 19327238 | K79: 2026-10-15 정규장 종가 | L79: 사용자 첨부 IMG_7104~7108 / 원문 https://m.blog.naver.com/stockvera/224440085158 | M79: https://polling.finance.naver.com/api/realtime/domestic/stock/131970 | N79: https://polling.finance.naver.com/api/realtime/domestic/stock/131970 | O79: 0.1842 | P79: IFRS별도 | Q79: 2026-10-14 | R79: https://comp.wisereport.co.kr/company/ajax/c1050001_data.aspx?flag=2&cmp_cd=131970&finGubun=MAIN&frq=0&sDT=20261014&chartType=image | S79: 2027.12(E) ROE 직접 제공값과 대조 일치. 백분율 단위·종목코드 확인. | T79: 311.25 | U79: 371.5 | V79: IFRS별도 | W79: https://comp.wisereport.co.kr/company/ajax/c1050001_data.aspx?flag=2&cmp_cd=131970&finGubun=MAIN&frq=0&sDT=20261014&chartType=image | X79: 27E 원표와 FnGuide 차이 10% 이내 또는 비교 자료 없음
A80: 유진테크 | B80: 084370 | C80: 37000 | D80: 1382 | E80: 1669 | F80: 26.9 | G80: 22.2 | I80: 121800 | J80: 22916042 | K80: 2026-10-15 정규장 종가 | L80: 사용자 첨부 IMG_7104~7108 / 원문 https://m.blog.naver.com/stockvera/224440085158 | M80: https://polling.finance.naver.com/api/realtime/domestic/stock/084370 | N80: https://polling.finance.naver.com/api/realtime/domestic/stock/084370 | O80: 0.208 | P80: IFRS연결 | Q80: 2026-10-14 | R80: https://comp.wisereport.co.kr/company/ajax/c1050001_data.aspx?flag=2&cmp_cd=084370&finGubun=MAIN&frq=0&sDT=20261014&chartType=image | S80: 2027.12(E) ROE 직접 제공값과 대조 일치. 백분율 단위·종목코드 확인. | T80: 1422 | U80: 1023 | V80: IFRS연결 | W80: https://comp.wisereport.co.kr/company/ajax/c1050001_data.aspx?flag=2&cmp_cd=084370&finGubun=MAIN&frq=0&sDT=20261014&chartType=image | X80: 27E 원표와 FnGuide 차이 10% 이내 또는 비교 자료 없음
A81: 리노공업 | B81: 058470 | C81: 60000 | D81: 2215 | E81: 2599 | F81: 26.9 | G81: 22.9 | I81: 65700 | J81: 76211850 | K81: 2026-10-15 정규장 종가 | L81: 사용자 첨부 IMG_7104~7108 / 원문 https://m.blog.naver.com/stockvera/224440085158 | M81: https://polling.finance.naver.com/api/realtime/domestic/stock/058470 | N81: https://polling.finance.naver.com/api/realtime/domestic/stock/058470 | O81: 0.232 | P81: IFRS별도 | Q81: 2026-10-14 | R81: https://comp.wisereport.co.kr/company/ajax/c1050001_data.aspx?flag=2&cmp_cd=058470&finGubun=MAIN&frq=0&sDT=20261014&chartType=image | S81: 2027.12(E) ROE 직접 제공값과 대조 일치. 백분율 단위·종목코드 확인. | T81: 1886.71 | U81: 2160 | V81: IFRS별도 | W81: https://comp.wisereport.co.kr/company/ajax/c1050001_data.aspx?flag=2&cmp_cd=058470&finGubun=MAIN&frq=0&sDT=20261014&chartType=image | X81: 27E 원표와 FnGuide 차이 10% 이내 또는 비교 자료 없음
A82: 원익IPS | B82: 240810 | C82: 64000 | D82: 2376 | E82: 2714 | F82: 27 | G82: 23.7 | I82: 99200 | J82: 49083901 | K82: 2026-10-15 정규장 종가 | L82: 사용자 첨부 IMG_7104~7108 / 원문 https://m.blog.naver.com/stockvera/224440085158 | M82: https://polling.finance.naver.com/api/realtime/domestic/stock/240810 | N82: https://polling.finance.naver.com/api/realtime/domestic/stock/240810 | O82: 0.1824 | P82: IFRS연결 | Q82: 2026-10-14 | R82: https://comp.wisereport.co.kr/company/ajax/c1050001_data.aspx?flag=2&cmp_cd=240810&finGubun=MAIN&frq=0&sDT=20261014&chartType=image | S82: 2027.12(E) ROE 직접 제공값과 대조 일치. 백분율 단위·종목코드 확인. | T82: 2206.5 | U82: 1757.86 | V82: IFRS연결 | W82: https://comp.wisereport.co.kr/company/ajax/c1050001_data.aspx?flag=2&cmp_cd=240810&finGubun=MAIN&frq=0&sDT=20261014&chartType=image | X82: 27E 원표와 FnGuide 차이 10% 이내 또는 비교 자료 없음
A83: SFA반도체 | B83: 036540 | C83: 18000 | D83: 633 | E83: 795 | F83: 28.2 | G83: 22.4 | I83: 8730 | J83: 164460303 | K83: 2026-10-15 정규장 종가 | L83: 사용자 첨부 IMG_7104~7108 / 원문 https://m.blog.naver.com/stockvera/224440085158 | M83: https://polling.finance.naver.com/api/realtime/domestic/stock/036540 | N83: https://polling.finance.naver.com/api/realtime/domestic/stock/036540 | O83: 0.126 | P83: IFRS연결 | Q83: 2026-10-14 | R83: https://comp.wisereport.co.kr/company/ajax/c1050001_data.aspx?flag=2&cmp_cd=036540&finGubun=MAIN&frq=0&sDT=20261014&chartType=image | S83: 2027.12(E) ROE 직접 제공값과 대조 일치. 백분율 단위·종목코드 확인. | T83: -6.67 | U83: -55.8 | V83: IFRS연결 | W83: https://comp.wisereport.co.kr/company/ajax/c1050001_data.aspx?flag=2&cmp_cd=036540&finGubun=MAIN&frq=0&sDT=20261014&chartType=image | X83: 27E 원표와 FnGuide 차이 10% 이내 또는 비교 자료 없음
A84: 에프에스티 | B84: 036810 | C84: 7003 | D84: 245 | E84: 427 | F84: 28.6 | G84: 16.4 | I84: 25300 | J84: 21649789 | K84: 2026-10-15 정규장 종가 | L84: 사용자 첨부 IMG_7104~7108 / 원문 https://m.blog.naver.com/stockvera/224440085158 | M84: https://polling.finance.naver.com/api/realtime/domestic/stock/036810 | N84: https://polling.finance.naver.com/api/realtime/domestic/stock/036810 | O84: 0.0842 | P84: IFRS연결 | Q84: 2026-10-14 | R84: https://comp.wisereport.co.kr/company/ajax/c1050001_data.aspx?flag=2&cmp_cd=036810&finGubun=MAIN&frq=0&sDT=20261014&chartType=image | S84: 2027.12(E) ROE 직접 제공값과 대조 일치. 백분율 단위·종목코드 확인. | T84: 133 | U84: 277 | V84: IFRS연결 | W84: https://comp.wisereport.co.kr/company/ajax/c1050001_data.aspx?flag=2&cmp_cd=036810&finGubun=MAIN&frq=0&sDT=20261014&chartType=image | X84: 27E 원표와 FnGuide 차이 10% 이내 또는 비교 자료 없음
A85: HPSP | B85: 403870 | C85: 50000 | D85: 1737 | E85: 2150 | F85: 28.9 | G85: 23.4 | I85: 47700 | J85: 82300000 | K85: 2026-10-15 정규장 종가 | L85: 사용자 첨부 IMG_7104~7108 / 원문 https://m.blog.naver.com/stockvera/224440085158 | M85: https://polling.finance.naver.com/api/realtime/domestic/stock/403870 | N85: https://polling.finance.naver.com/api/realtime/domestic/stock/403870 | O85: 0.3769 | P85: IFRS별도 | Q85: 2026-10-14 | R85: https://comp.wisereport.co.kr/company/ajax/c1050001_data.aspx?flag=2&cmp_cd=403870&finGubun=MAIN&frq=0&sDT=20261014&chartType=image | S85: 2027.12(E) ROE 직접 제공값과 대조 일치. 백분율 단위·종목코드 확인. | T85: 1201.67 | U85: 1391 | V85: IFRS별도 | W85: https://comp.wisereport.co.kr/company/ajax/c1050001_data.aspx?flag=2&cmp_cd=403870&finGubun=MAIN&frq=0&sDT=20261014&chartType=image | X85: 27E 원표와 FnGuide 차이 10% 이내 또는 비교 자료 없음
A86: 와이씨 | B86: 232140 | C86: 14000 | D86: 449 | E86: 724 | F86: 31 | G86: 19.2 | H86: † | I86: 13600 | J86: 82045350 | K86: 2026-10-15 정규장 종가 | L86: 사용자 첨부 IMG_7104~7108 / 원문 https://m.blog.naver.com/stockvera/224440085158 | M86: https://polling.finance.naver.com/api/realtime/domestic/stock/232140 | N86: https://polling.finance.naver.com/api/realtime/domestic/stock/232140 | O86: 0.1062 | P86: IFRS연결 | Q86: 2026-10-14 | R86: https://comp.wisereport.co.kr/company/ajax/c1050001_data.aspx?flag=2&cmp_cd=232140&finGubun=MAIN&frq=0&sDT=20261014&chartType=image | S86: 2027.12(E) ROE 직접 제공값과 대조 일치. 백분율 단위·종목코드 확인. | T86: 342.8 | U86: 546.33 | V86: IFRS연결 | W86: https://comp.wisereport.co.kr/company/ajax/c1050001_data.aspx?flag=2&cmp_cd=232140&finGubun=MAIN&frq=0&sDT=20261014&chartType=image | X86: 27E 원표와 FnGuide 차이 10% 이내 또는 비교 자료 없음
A87: ISC | B87: 095340 | C87: 41000 | D87: 1208 | E87: 1430 | F87: 33.6 | G87: 28.4 | I87: 141800 | J87: 21197058 | K87: 2026-10-15 정규장 종가 | L87: 사용자 첨부 IMG_7104~7108 / 원문 https://m.blog.naver.com/stockvera/224440085158 | M87: https://polling.finance.naver.com/api/realtime/domestic/stock/095340 | N87: https://polling.finance.naver.com/api/realtime/domestic/stock/095340 | O87: 0.1774 | P87: IFRS연결 | Q87: 2026-10-14 | R87: https://comp.wisereport.co.kr/company/ajax/c1050001_data.aspx?flag=2&cmp_cd=095340&finGubun=MAIN&frq=0&sDT=20261014&chartType=image | S87: 2027.12(E) ROE 직접 제공값과 대조 일치. 백분율 단위·종목코드 확인. | T87: 897.5 | U87: 1033.5 | V87: IFRS연결 | W87: https://comp.wisereport.co.kr/company/ajax/c1050001_data.aspx?flag=2&cmp_cd=095340&finGubun=MAIN&frq=0&sDT=20261014&chartType=image | X87: 27E 원표와 FnGuide 차이 10% 이내 또는 비교 자료 없음
A88: 파크시스템스 | B88: 140860 | C88: 21000 | D88: 618 | E88: 695 | F88: 34 | G88: 30.2 | I88: 250500 | J88: 7002469 | K88: 2026-10-15 정규장 종가 | L88: 사용자 첨부 IMG_7104~7108 / 원문 https://m.blog.naver.com/stockvera/224440085158 | M88: https://polling.finance.naver.com/api/realtime/domestic/stock/140860 | N88: https://polling.finance.naver.com/api/realtime/domestic/stock/140860 | O88: 0.1716 | P88: IFRS연결 | Q88: 2026-10-14 | R88: https://comp.wisereport.co.kr/company/ajax/c1050001_data.aspx?flag=2&cmp_cd=140860&finGubun=MAIN&frq=0&sDT=20261014&chartType=image | S88: 2027.12(E) ROE 직접 제공값과 대조 일치. 백분율 단위·종목코드 확인. | T88: 468.62 | U88: 502.38 | V88: IFRS연결 | W88: https://comp.wisereport.co.kr/company/ajax/c1050001_data.aspx?flag=2&cmp_cd=140860&finGubun=MAIN&frq=0&sDT=20261014&chartType=image | X88: 27E 원표와 FnGuide 차이 10% 이내 또는 비교 자료 없음
A89: 이오테크닉스 | B89: 039030 | C89: 63000 | D89: 1754 | E89: 2144 | F89: 35.9 | G89: 29.4 | I89: 414500 | J89: 12319550 | K89: 2026-10-15 정규장 종가 | L89: 사용자 첨부 IMG_7104~7108 / 원문 https://m.blog.naver.com/stockvera/224440085158 | M89: https://polling.finance.naver.com/api/realtime/domestic/stock/039030 | N89: https://polling.finance.naver.com/api/realtime/domestic/stock/039030 | O89: 0.2039 | P89: IFRS연결 | Q89: 2026-10-14 | R89: https://comp.wisereport.co.kr/company/ajax/c1050001_data.aspx?flag=2&cmp_cd=039030&finGubun=MAIN&frq=0&sDT=20261014&chartType=image | S89: 2027.12(E) ROE 직접 제공값과 대조 일치. 백분율 단위·종목코드 확인. | T89: 1152 | U89: 1332 | V89: IFRS연결 | W89: https://comp.wisereport.co.kr/company/ajax/c1050001_data.aspx?flag=2&cmp_cd=039030&finGubun=MAIN&frq=0&sDT=20261014&chartType=image | X89: 27E 원표와 FnGuide 차이 10% 이내 또는 비교 자료 없음
A90: 고영 | B90: 098460 | C90: 25000 | D90: 672 | E90: 736 | F90: 37.2 | G90: 34 | I90: 30250 | J90: 68204213 | K90: 2026-10-15 정규장 종가 | L90: 사용자 첨부 IMG_7104~7108 / 원문 https://m.blog.naver.com/stockvera/224440085158 | M90: https://polling.finance.naver.com/api/realtime/domestic/stock/098460 | N90: https://polling.finance.naver.com/api/realtime/domestic/stock/098460 | O90: 0.1637 | P90: IFRS연결 | Q90: 2026-10-14 | R90: https://comp.wisereport.co.kr/company/ajax/c1050001_data.aspx?flag=2&cmp_cd=098460&finGubun=MAIN&frq=0&sDT=20261014&chartType=image | S90: 2027.12(E) ROE 직접 제공값과 대조 일치. 백분율 단위·종목코드 확인. | T90: 616.57 | U90: 576.29 | V90: IFRS연결 | W90: https://comp.wisereport.co.kr/company/ajax/c1050001_data.aspx?flag=2&cmp_cd=098460&finGubun=MAIN&frq=0&sDT=20261014&chartType=image | X90: 27E 원표와 FnGuide 차이 10% 이내 또는 비교 자료 없음
A91: 한미반도체 | B91: 042700 | C91: 237000 | D91: 5124 | E91: 5617 | F91: 46.2 | G91: 42.2 | I91: 186700 | J91: 95312200 | K91: 2026-10-15 정규장 종가 | L91: 사용자 첨부 IMG_7104~7108 / 원문 https://m.blog.naver.com/stockvera/224440085158 | M91: https://polling.finance.naver.com/api/realtime/domestic/stock/042700 | N91: https://polling.finance.naver.com/api/realtime/domestic/stock/042700 | O91: 미확인 | P91: IFRS연결 | Q91: 2026-10-14 | R91: https://comp.wisereport.co.kr/company/ajax/c1050001_data.aspx?flag=2&cmp_cd=042700&finGubun=MAIN&frq=0&sDT=20261014&chartType=image | S91: 출처 불일치: 검색 색인에 2027E ROE 44.26%가 있으나 현재 기업현황 및 10/14 연결·별도 컨센서스 응답은 공란. 적용 기준일 미확인으로 반영 보류. 색인 출처: https://comp.wisereport.co.kr/bsfn/company/c1010001.aspx?cmp_cd=042700 | V91: IFRS연결 | W91: https://comp.wisereport.co.kr/company/ajax/c1050001_data.aspx?flag=2&cmp_cd=042700&finGubun=MAIN&frq=0&sDT=20261014&chartType=image | X91: FnGuide 2027E 일부 또는 전체 미확인
A92: 주성엔지니어링 | B92: 036930 | C92: 118000 | D92: 1172 | E92: 1401 | F92: 100.3 | G92: 83.9 | I92: 197100 | J92: 46481121 | K92: 2026-10-15 정규장 종가 | L92: 사용자 첨부 IMG_7104~7108 / 원문 https://m.blog.naver.com/stockvera/224440085158 | M92: https://polling.finance.naver.com/api/realtime/domestic/stock/036930 | N92: https://polling.finance.naver.com/api/realtime/domestic/stock/036930 | O92: 0.159 | P92: IFRS연결 | Q92: 2026-10-14 | R92: https://comp.wisereport.co.kr/company/ajax/c1050001_data.aspx?flag=2&cmp_cd=036930&finGubun=MAIN&frq=0&sDT=20261014&chartType=image | S92: 2027.12(E) ROE 직접 제공값과 대조 일치. 백분율 단위·종목코드 확인. | T92: 418 | U92: 408 | V92: IFRS연결 | W92: https://comp.wisereport.co.kr/company/ajax/c1050001_data.aspx?flag=2&cmp_cd=036930&finGubun=MAIN&frq=0&sDT=20261014&chartType=image | X92: 27E 원표와 FnGuide 차이 10% 이내 또는 비교 자료 없음
A93: 마이크로컨텍솔 | B93: 098120 | I93: 45400 | J93: 8312766 | K93: 2026-10-15 정규장 종가 | L93: https://comp.wisereport.co.kr/company/c1050001.aspx?cmp_cd=098120 | M93: https://polling.finance.naver.com/api/realtime/domestic/stock/098120 | N93: https://polling.finance.naver.com/api/realtime/domestic/stock/098120 | O93: 미확인 | P93: IFRS연결 | Q93: 2026-10-14 | R93: https://comp.wisereport.co.kr/company/ajax/c1050001_data.aspx?flag=2&cmp_cd=098120&finGubun=MAIN&frq=0&sDT=20261014&chartType=image | S93: 기존 조회자료에서 2027년 이익·ROE 추정치 모두 미확인. 자료 부재를 0%로 처리하지 않음. | V93: IFRS연결 | W93: https://comp.wisereport.co.kr/company/ajax/c1050001_data.aspx?flag=2&cmp_cd=098120&finGubun=MAIN&frq=0&sDT=20261014&chartType=image | X93: FnGuide 2027E 일부 또는 전체 미확인
A94: 네오티스 | B94: 085910 | D94: 210 | E94: 332.5 | I94: 17950 | J94: 13794818 | K94: 2026-10-15 정규장 종가 | L94: https://comp.wisereport.co.kr/company/c1050001.aspx?cmp_cd=085910 | M94: https://polling.finance.naver.com/api/realtime/domestic/stock/085910 | N94: https://polling.finance.naver.com/api/realtime/domestic/stock/085910 | O94: 0.246 | P94: IFRS연결 | Q94: 2026-10-14 | R94: https://comp.wisereport.co.kr/company/ajax/c1050001_data.aspx?flag=2&cmp_cd=085910&finGubun=MAIN&frq=0&sDT=20261014&chartType=image | S94: 2027.12(E) ROE 직접 제공값과 대조 일치. 백분율 단위·종목코드 확인. | T94: 118.67 | U94: 175.22 | V94: IFRS연결 | W94: https://comp.wisereport.co.kr/company/ajax/c1050001_data.aspx?flag=2&cmp_cd=085910&finGubun=MAIN&frq=0&sDT=20261014&chartType=image | X94: 27E 원표와 FnGuide 차이 10% 이내 또는 비교 자료 없음
A95: 성호전자 | B95: 043260 | D95: 797 | E95: 1081 | I95: 25300 | J95: 75451848 | K95: 2026-10-15 정규장 종가 | L95: https://comp.wisereport.co.kr/company/c1050001.aspx?cmp_cd=043260 | M95: https://polling.finance.naver.com/api/realtime/domestic/stock/043260 | N95: https://polling.finance.naver.com/api/realtime/domestic/stock/043260 | O95: 0.0946 | P95: IFRS연결 | Q95: 2026-10-14 | R95: https://comp.wisereport.co.kr/company/ajax/c1050001_data.aspx?flag=2&cmp_cd=043260&finGubun=MAIN&frq=0&sDT=20261014&chartType=image | S95: 2027.12(E) ROE 직접 제공값과 대조 일치. 백분율 단위·종목코드 확인. | T95: 2246 | U95: 410 | V95: IFRS연결 | W95: https://comp.wisereport.co.kr/company/ajax/c1050001_data.aspx?flag=2&cmp_cd=043260&finGubun=MAIN&frq=0&sDT=20261014&chartType=image | X95: 27E 원표와 FnGuide 차이 10% 이내 또는 비교 자료 없음
A96: RF머트리얼즈 | B96: 327260 | D96: 218.6 | E96: 315.6 | I96: 38850 | J96: 17987408 | K96: 2026-10-15 정규장 종가 | L96: https://comp.wisereport.co.kr/company/c1050001.aspx?cmp_cd=327260 | M96: https://polling.finance.naver.com/api/realtime/domestic/stock/327260 | N96: https://polling.finance.naver.com/api/realtime/domestic/stock/327260 | O96: 0.2618 | P96: IFRS연결 | Q96: 2026-10-14 | R96: https://comp.wisereport.co.kr/company/ajax/c1050001_data.aspx?flag=2&cmp_cd=327260&finGubun=MAIN&frq=0&sDT=20261014&chartType=image | S96: 2027.12(E) ROE 직접 제공값과 대조 일치. 백분율 단위·종목코드 확인. | T96: 129 | U96: 183.8 | V96: IFRS연결 | W96: https://comp.wisereport.co.kr/company/ajax/c1050001_data.aspx?flag=2&cmp_cd=327260&finGubun=MAIN&frq=0&sDT=20261014&chartType=image | X96: 27E 원표와 FnGuide 차이 10% 이내 또는 비교 자료 없음
A97: 삼성전기 | B97: 009150 | D97: 31520.68 | E97: 40214.84 | I97: 1122000 | J97: 74693696 | K97: 2026-10-15 정규장 종가 | L97: https://comp.wisereport.co.kr/company/c1050001.aspx?cmp_cd=009150 | M97: https://polling.finance.naver.com/api/realtime/domestic/stock/009150 | N97: https://polling.finance.naver.com/api/realtime/domestic/stock/009150 | O97: 0.2502 | P97: IFRS연결 | Q97: 2026-10-14 | R97: https://comp.wisereport.co.kr/company/ajax/c1050001_data.aspx?flag=2&cmp_cd=009150&finGubun=MAIN&frq=0&sDT=20261014&chartType=image | S97: 2027.12(E) ROE 직접 제공값과 대조 일치. 백분율 단위·종목코드 확인. | T97: 16066.42 | U97: 20461.42 | V97: IFRS연결 | W97: https://comp.wisereport.co.kr/company/ajax/c1050001_data.aspx?flag=2&cmp_cd=009150&finGubun=MAIN&frq=0&sDT=20261014&chartType=image | X97: 27E 원표와 FnGuide 차이 10% 이내 또는 비교 자료 없음
A98: 테크윙 | B98: 089030 | I98: 39850 | J98: 37053645 | K98: 2026-10-15 정규장 종가 | L98: https://comp.wisereport.co.kr/company/c1050001.aspx?cmp_cd=089030 | M98: https://polling.finance.naver.com/api/realtime/domestic/stock/089030 | N98: https://polling.finance.naver.com/api/realtime/domestic/stock/089030 | O98: 미확인 | P98: IFRS연결 | Q98: 2026-10-14 | R98: https://comp.wisereport.co.kr/company/ajax/c1050001_data.aspx?flag=2&cmp_cd=089030&finGubun=MAIN&frq=0&sDT=20261014&chartType=image | S98: 기존 조회자료에서 2027년 이익·ROE 추정치 모두 미확인. 자료 부재를 0%로 처리하지 않음. | V98: IFRS연결 | W98: https://comp.wisereport.co.kr/company/ajax/c1050001_data.aspx?flag=2&cmp_cd=089030&finGubun=MAIN&frq=0&sDT=20261014&chartType=image | X98: FnGuide 2027E 일부 또는 전체 미확인
A99: 제우스 | B99: 079370 | I99: 10180 | J99: 31016990 | K99: 2026-10-15 정규장 종가 | L99: https://comp.wisereport.co.kr/company/c1050001.aspx?cmp_cd=079370 | M99: https://polling.finance.naver.com/api/realtime/domestic/stock/079370 | N99: https://polling.finance.naver.com/api/realtime/domestic/stock/079370 | O99: 미확인 | P99: IFRS연결 | Q99: 2026-10-14 | R99: https://comp.wisereport.co.kr/company/ajax/c1050001_data.aspx?flag=2&cmp_cd=079370&finGubun=MAIN&frq=0&sDT=20261014&chartType=image | S99: 기존 조회자료에서 2027년 이익·ROE 추정치 모두 미확인. 자료 부재를 0%로 처리하지 않음. | V99: IFRS연결 | W99: https://comp.wisereport.co.kr/company/ajax/c1050001_data.aspx?flag=2&cmp_cd=079370&finGubun=MAIN&frq=0&sDT=20261014&chartType=image | X99: FnGuide 2027E 일부 또는 전체 미확인
A100: 한양디지텍 | B100: 078350
A101: RFHIC | B101: 218410
A102: 오로스테크놀로지 | B102: 322310
A103: 다원넥스뷰 | B103: 323350
A104: 드림텍 | B104: 192650
A105: 에이팩트 | B105: 200470
...
